time_s,n_samples,mean_active_qty,q05_active_qty,q95_active_qty
0.0,200,1.0,1.0,1.0
0.002,200,1.0,1.0,1.0
0.004,200,1.0,1.0,1.0
0.006,200,1.0,1.0,1.0
0.008,200,1.0,1.0,1.0
0.01,200,2.0,2.0,2.0
0.012,200,2.0,2.0,2.0
0.014,200,2.0,2.0,2.0
0.016,200,2.0,2.0,2.0
0.018000000000000002,200,2.0,2.0,2.0
0.02,200,3.0,3.0,3.0
0.022,200,3.0,3.0,3.0
0.024,200,3.0,3.0,3.0
0.026000000000000002,200,3.0,3.0,3.0
0.028,200,3.0,3.0,3.0
0.03,200,4.0,4.0,4.0
0.032,200,4.0,4.0,4.0
0.034,200,4.0,4.0,4.0
0.036000000000000004,200,4.0,4.0,4.0
0.038,200,4.0,4.0,4.0
0.04,200,5.0,5.0,5.0
0.042,200,5.0,5.0,5.0
0.044,200,5.0,5.0,5.0
0.046,200,5.0,5.0,5.0
0.048,200,5.0,5.0,5.0
0.05,200,6.0,6.0,6.0
0.052000000000000005,200,6.0,6.0,6.0
0.054,200,6.0,6.0,6.0
0.056,200,6.0,6.0,6.0
0.058,200,6.0,6.0,6.0
0.06,200,7.0,7.0,7.0
0.062,200,7.0,7.0,7.0
0.064,200,7.0,7.0,7.0
0.066,200,7.0,7.0,7.0
0.068,200,7.0,7.0,7.0
0.07,200,8.0,8.0,8.0
0.07200000000000001,200,8.0,8.0,8.0
0.074,200,8.0,8.0,8.0
0.076,200,8.0,8.0,8.0
0.078,200,8.0,8.0,8.0
0.08,200,9.0,9.0,9.0
0.082,200,9.0,9.0,9.0
0.084,200,9.0,9.0,9.0
0.08600000000000001,200,9.0,9.0,9.0
0.088,200,9.0,9.0,9.0
0.09,200,10.0,10.0,10.0
0.092,200,10.0,10.0,10.0
0.094,200,10.0,10.0,10.0
0.096,200,10.0,10.0,10.0
0.098,200,10.0,10.0,10.0
0.1,200,10.0,10.0,10.0
0.10200000000000001,200,10.0,10.0,10.0
0.10400000000000001,200,9.99,10.0,10.0
0.106,200,9.98,10.0,10.0
0.108,200,9.975,10.0,10.0
0.11,200,9.955,10.0,10.0
0.112,200,9.945,9.950000000000001,10.0
0.114,200,9.935,9.950000000000001,10.0
0.116,200,9.92,9.0,10.0
0.11800000000000001,200,9.92,9.0,10.0
0.12,200,9.875,9.0,10.0
0.122,200,9.865,9.0,10.0
0.124,200,9.855,9.0,10.0
0.126,200,9.835,9.0,10.0
0.128,200,9.81,9.0,10.0
0.13,200,9.785,8.950000000000001,10.0
0.132,200,9.77,8.950000000000001,10.0
0.134,200,9.755,8.0,10.0
0.136,200,9.745,8.0,10.0
0.138,200,9.74,8.0,10.0
0.14,200,9.73,8.0,10.0
0.14200000000000002,200,9.715,8.0,10.0
0.14400000000000002,200,9.705,8.0,10.0
0.146,200,9.67,8.0,10.0
0.148,200,9.665,8.0,10.0
0.15,200,9.65,8.0,10.0
0.152,200,9.64,8.0,10.0
0.154,200,9.625,8.0,10.0
0.156,200,9.615,8.0,10.0
0.158,200,9.595,8.0,10.0
0.16,200,9.575,8.0,10.0
0.162,200,9.575,8.0,10.0
0.164,200,9.575,8.0,10.0
0.166,200,9.55,8.0,10.0
0.168,200,9.54,8.0,10.0
0.17,200,9.53,8.0,10.0
0.17200000000000001,200,9.51,7.950000000000001,10.0
0.17400000000000002,200,9.51,7.950000000000001,10.0
0.176,200,9.51,7.950000000000001,10.0
0.178,200,9.5,7.950000000000001,10.0
0.18,200,9.48,7.950000000000001,10.0
0.182,200,9.475,7.0,10.0
0.184,200,9.465,7.0,10.0
0.186,200,9.455,7.0,10.0
0.188,200,9.445,7.0,10.0
0.19,200,9.43,7.0,10.0
0.192,200,9.425,7.0,10.0
0.194,200,9.4,7.0,10.0
0.196,200,9.39,7.0,10.0
0.198,200,9.385,7.0,10.0
0.2,200,9.38,7.0,10.0
0.202,200,9.38,7.0,10.0
0.20400000000000001,200,9.37,7.0,10.0
0.20600000000000002,200,9.345,7.0,10.0
0.20800000000000002,200,9.335,7.0,10.0
0.21,200,9.33,7.0,10.0
0.212,200,9.32,7.0,10.0
0.214,200,9.295,7.0,10.0
0.216,200,9.285,7.0,10.0
0.218,200,9.28,7.0,10.0
0.22,200,9.28,7.0,10.0
0.222,200,9.27,7.0,10.0
0.224,200,9.265,7.0,10.0
0.226,200,9.255,7.0,10.0
0.228,200,9.245,7.0,10.0
0.23,200,9.235,7.0,10.0
0.232,200,9.23,7.0,10.0
0.234,200,9.23,7.0,10.0
0.23600000000000002,200,9.225,7.0,10.0
0.23800000000000002,200,9.22,7.0,10.0
0.24,200,9.22,7.0,10.0
0.242,200,9.215,7.0,10.0
0.244,200,9.21,7.0,10.0
0.246,200,9.195,7.0,10.0
0.248,200,9.185,7.0,10.0
0.25,200,9.17,7.0,10.0
0.252,200,9.16,7.0,10.0
0.254,200,9.15,7.0,10.0
0.256,200,9.14,7.0,10.0
0.258,200,9.125,7.0,10.0
0.26,200,9.11,7.0,10.0
0.262,200,9.1,7.0,10.0
0.264,200,9.1,7.0,10.0
0.266,200,9.09,7.0,10.0
0.268,200,9.09,7.0,10.0
0.27,200,9.09,7.0,10.0
0.272,200,9.09,7.0,10.0
0.274,200,9.09,7.0,10.0
0.276,200,9.085,7.0,10.0
0.278,200,9.075,7.0,10.0
0.28,200,9.075,7.0,10.0
0.28200000000000003,200,9.075,7.0,10.0
0.28400000000000003,200,9.07,7.0,10.0
0.28600000000000003,200,9.07,7.0,10.0
0.28800000000000003,200,9.065,7.0,10.0
0.29,200,9.065,7.0,10.0
0.292,200,9.055,7.0,10.0
0.294,200,9.055,7.0,10.0
0.296,200,9.05,7.0,10.0
0.298,200,9.045,7.0,10.0
0.3,200,9.04,7.0,10.0
0.302,200,9.04,7.0,10.0
0.304,200,9.025,7.0,10.0
0.306,200,9.02,7.0,10.0
0.308,200,9.02,7.0,10.0
0.31,200,9.02,7.0,10.0
0.312,200,9.015,7.0,10.0
0.314,200,9.015,7.0,10.0
0.316,200,9.015,7.0,10.0
0.318,200,9.015,7.0,10.0
0.32,200,9.01,7.0,10.0
0.322,200,8.995,7.0,10.0
0.324,200,8.995,7.0,10.0
0.326,200,8.99,7.0,10.0
0.328,200,8.98,7.0,10.0
0.33,200,8.975,7.0,10.0
0.332,200,8.955,7.0,10.0
0.334,200,8.945,7.0,10.0
0.336,200,8.94,7.0,10.0
0.338,200,8.94,7.0,10.0
0.34,200,8.94,7.0,10.0
0.342,200,8.94,7.0,10.0
0.34400000000000003,200,8.94,7.0,10.0
0.34600000000000003,200,8.935,7.0,10.0
0.34800000000000003,200,8.93,7.0,10.0
0.35000000000000003,200,8.93,7.0,10.0
0.352,200,8.925,7.0,10.0
0.354,200,8.92,7.0,10.0
0.356,200,8.915,7.0,10.0
0.358,200,8.915,7.0,10.0
0.36,200,8.915,7.0,10.0
0.362,200,8.905,7.0,10.0
0.364,200,8.9,7.0,10.0
0.366,200,8.9,7.0,10.0
0.368,200,8.89,7.0,10.0
0.37,200,8.89,7.0,10.0
0.372,200,8.89,7.0,10.0
0.374,200,8.89,7.0,10.0
0.376,200,8.885,7.0,10.0
0.378,200,8.88,7.0,10.0
0.38,200,8.87,7.0,10.0
0.382,200,8.87,7.0,10.0
0.384,200,8.865,7.0,10.0
0.386,200,8.86,7.0,10.0
0.388,200,8.86,7.0,10.0
0.39,200,8.845,7.0,10.0
0.392,200,8.845,7.0,10.0
0.394,200,8.845,7.0,10.0
0.396,200,8.84,7.0,10.0
0.398,200,8.83,7.0,10.0
0.4,200,8.825,7.0,10.0
0.402,200,1.275,0.0,10.0
0.404,200,1.275,0.0,10.0
0.406,200,1.27,0.0,10.0
0.40800000000000003,200,1.27,0.0,10.0
0.41000000000000003,200,1.225,0.0,10.0
0.41200000000000003,200,1.22,0.0,10.0
0.41400000000000003,200,1.215,0.0,10.0
0.41600000000000004,200,1.18,0.0,10.0
0.418,200,1.18,0.0,10.0
0.42,200,1.165,0.0,10.0
0.422,200,1.13,0.0,10.0
0.424,200,1.08,0.0,10.0
0.426,200,1.07,0.0,10.0
0.428,200,1.07,0.0,10.0
0.43,200,1.07,0.0,10.0
0.432,200,1.03,0.0,10.0
0.434,200,0.995,0.0,10.0
0.436,200,0.935,0.0,10.0
0.438,200,0.89,0.0,10.0
0.44,200,0.885,0.0,10.0
0.442,200,0.885,0.0,10.0
0.444,200,0.88,0.0,10.0
0.446,200,0.88,0.0,10.0
0.448,200,0.88,0.0,10.0
0.45,200,0.84,0.0,10.0
0.452,200,1.71,1.0,10.0
0.454,200,1.71,1.0,10.0
0.456,200,1.665,0.9500000000000011,10.0
0.458,200,1.66,0.9500000000000011,10.0
0.46,200,1.665,1.0,10.0
0.462,200,2.53,1.950000000000001,10.0
0.464,200,2.525,1.950000000000001,10.0
0.466,200,2.53,1.950000000000001,10.0
0.468,200,2.53,1.950000000000001,10.0
0.47000000000000003,200,2.535,2.0,10.0
0.47200000000000003,200,3.36,1.950000000000001,10.0
0.47400000000000003,200,3.355,1.950000000000001,10.0
0.47600000000000003,200,3.335,1.950000000000001,10.0
0.47800000000000004,200,3.335,1.950000000000001,10.0
0.48,200,3.34,1.950000000000001,10.0
0.482,200,4.22,2.0,10.0
0.484,200,4.225,2.0,10.0
0.486,200,4.235,2.950000000000001,10.0
0.488,200,4.245,2.950000000000001,10.0
0.49,200,4.25,2.950000000000001,10.0
0.492,200,5.13,3.0,10.0
0.494,200,5.135,3.0,10.0
0.496,200,5.145,3.950000000000001,10.0
0.498,200,5.155,3.950000000000001,10.0
0.5,200,5.165,3.950000000000001,10.0
0.502,200,6.04,4.0,10.0
0.504,200,6.045,4.0,10.0
0.506,200,6.055,4.950000000000001,10.0
0.508,200,6.06,4.950000000000001,10.0
0.51,200,6.07,4.950000000000001,10.0
0.512,200,6.95,5.0,10.0
0.514,200,6.955,5.0,10.0
0.516,200,6.94,5.0,10.0
0.518,200,6.9,4.950000000000001,10.0
0.52,200,6.91,4.950000000000001,10.0
0.522,200,7.795,5.0,10.0
0.524,200,7.8,5.950000000000001,10.0
0.526,200,7.82,5.950000000000001,10.0
0.528,200,7.83,5.950000000000001,10.0
0.53,200,7.84,5.950000000000001,10.0
0.532,200,8.725,6.0,10.0
0.534,200,8.73,6.950000000000001,10.0
0.536,200,8.75,6.950000000000001,10.0
0.538,200,8.76,6.950000000000001,10.0
0.54,200,8.77,6.950000000000001,10.0
0.542,200,9.655,7.0,10.0
0.544,200,9.655,7.950000000000001,10.0
0.546,200,9.675,7.950000000000001,10.0
0.548,200,9.685,7.950000000000001,10.0
0.55,200,9.69,7.950000000000001,10.0
0.552,200,9.705,8.0,10.0
0.554,200,9.635,7.950000000000001,10.0
0.556,200,9.64,8.0,10.0
0.558,200,9.64,8.0,10.0
0.56,200,9.63,8.0,10.0
0.562,200,9.635,8.0,10.0
0.5640000000000001,200,9.57,8.0,10.0
0.5660000000000001,200,9.55,8.0,10.0
0.5680000000000001,200,9.56,8.0,10.0
0.5700000000000001,200,9.515,8.0,10.0
0.5720000000000001,200,9.505,8.0,10.0
0.5740000000000001,200,9.475,7.950000000000001,10.0
0.5760000000000001,200,9.475,8.0,10.0
0.578,200,9.475,8.0,10.0
0.58,200,9.435,7.950000000000001,10.0
0.582,200,9.425,7.0,10.0
0.584,200,9.41,7.0,10.0
0.586,200,9.405,7.0,10.0
0.588,200,9.395,7.0,10.0
0.59,200,9.38,7.0,10.0
0.592,200,9.375,7.0,10.0
0.594,200,9.37,7.0,10.0
0.596,200,9.365,7.0,10.0
0.598,200,9.355,7.0,10.0
0.6,200,9.355,7.0,10.0
0.602,200,9.33,7.0,10.0
0.604,200,9.33,7.0,10.0
0.606,200,9.325,7.0,10.0
0.608,200,9.325,7.0,10.0
0.61,200,9.32,7.0,10.0
0.612,200,9.295,7.0,10.0
0.614,200,9.295,7.0,10.0
0.616,200,9.285,7.0,10.0
0.618,200,9.285,7.0,10.0
0.62,200,9.275,7.0,10.0
0.622,200,9.255,7.0,10.0
0.624,200,9.255,7.0,10.0
0.626,200,9.21,7.0,10.0
0.628,200,9.22,7.0,10.0
0.63,200,9.21,7.0,10.0
0.632,200,9.21,7.0,10.0
0.634,200,9.215,7.0,10.0
0.636,200,9.21,7.0,10.0
0.638,200,9.22,7.0,10.0
0.64,200,9.205,7.0,10.0
0.642,200,9.205,7.0,10.0
0.644,200,9.205,7.0,10.0
0.646,200,9.21,7.0,10.0
0.648,200,9.205,7.0,10.0
0.65,200,9.205,7.0,10.0
0.652,200,9.195,7.0,10.0
0.654,200,9.185,7.0,10.0
0.656,200,9.18,7.0,10.0
0.658,200,9.165,7.0,10.0
0.66,200,9.14,7.0,10.0
0.662,200,9.13,6.950000000000001,10.0
0.664,200,9.105,7.0,10.0
0.666,200,9.1,7.0,10.0
0.668,200,9.095,7.0,10.0
0.67,200,9.08,7.0,10.0
0.672,200,9.08,7.0,10.0
0.674,200,9.075,7.0,10.0
0.676,200,9.09,7.0,10.0
0.678,200,9.08,7.0,10.0
0.68,200,9.08,7.0,10.0
0.682,200,9.075,7.0,10.0
0.684,200,9.075,7.0,10.0
0.686,200,9.05,7.0,10.0
0.6880000000000001,200,9.025,7.0,10.0
0.6900000000000001,200,9.005,7.0,10.0
0.6920000000000001,200,9.01,7.0,10.0
0.6940000000000001,200,9.015,7.0,10.0
0.6960000000000001,200,9.025,7.0,10.0
0.6980000000000001,200,9.025,7.0,10.0
0.7000000000000001,200,9.025,7.0,10.0
0.7020000000000001,200,9.02,7.0,10.0
0.704,200,9.015,7.0,10.0
0.706,200,9.03,7.0,10.0
0.708,200,9.015,7.0,10.0
0.71,200,9.015,7.0,10.0
0.712,200,9.02,7.0,10.0
0.714,200,9.015,7.0,10.0
0.716,200,9.005,7.0,10.0
0.718,200,9.0,7.0,10.0
0.72,200,9.01,7.0,10.0
0.722,200,8.995,7.0,10.0
0.724,200,9.0,7.0,10.0
0.726,200,9.0,7.0,10.0
0.728,200,8.985,7.0,10.0
0.73,200,8.985,7.0,10.0
0.732,200,8.98,7.0,10.0
0.734,200,8.97,7.0,10.0
0.736,200,8.975,7.0,10.0
0.738,200,8.965,7.0,10.0
0.74,200,8.97,7.0,10.0
0.742,200,8.965,7.0,10.0
0.744,200,8.955,7.0,10.0
0.746,200,8.95,7.0,10.0
0.748,200,8.945,7.0,10.0
0.75,200,8.955,7.0,10.0
0.752,200,8.94,7.0,10.0
0.754,200,8.935,7.0,10.0
0.756,200,8.94,7.0,10.0
0.758,200,8.925,6.950000000000001,10.0
0.76,200,8.935,6.950000000000001,10.0
0.762,200,8.935,6.950000000000001,10.0
0.764,200,8.94,6.950000000000001,10.0
0.766,200,8.945,6.950000000000001,10.0
0.768,200,8.945,6.950000000000001,10.0
0.77,200,8.935,7.0,10.0
0.772,200,8.93,7.0,10.0
0.774,200,8.93,7.0,10.0
0.776,200,8.925,7.0,10.0
0.778,200,8.92,7.0,10.0
0.78,200,8.925,7.0,10.0
0.782,200,8.915,7.0,10.0
0.784,200,8.92,7.0,10.0
0.786,200,8.92,7.0,10.0
0.788,200,8.92,7.0,10.0
0.79,200,8.93,7.0,10.0
0.792,200,8.925,7.0,10.0
0.794,200,8.925,7.0,10.0
0.796,200,8.93,7.0,10.0
0.798,200,8.92,7.0,10.0
0.8,200,8.92,7.0,10.0
0.802,200,8.915,7.0,10.0
0.804,200,8.91,7.0,10.0
0.806,200,8.905,7.0,10.0
0.808,200,8.905,7.0,10.0
0.81,200,8.86,7.0,10.0
0.812,200,8.85,7.0,10.0
0.8140000000000001,200,8.845,7.0,10.0
0.8160000000000001,200,8.84,7.0,10.0
0.8180000000000001,200,8.835,7.0,10.0
0.8200000000000001,200,8.83,7.0,10.0
0.8220000000000001,200,8.825,7.0,10.0
0.8240000000000001,200,8.825,7.0,10.0
0.8260000000000001,200,8.83,7.0,10.0
0.8280000000000001,200,8.825,7.0,10.0
0.8300000000000001,200,8.82,7.0,10.0
0.8320000000000001,200,8.81,7.0,10.0
0.834,200,8.805,7.0,10.0
0.836,200,8.805,7.0,10.0
0.838,200,8.79,7.0,10.0
0.84,200,8.785,7.0,10.0
0.842,200,8.775,7.0,10.0
0.844,200,8.775,7.0,10.0
0.846,200,8.775,7.0,10.0
0.848,200,8.77,7.0,10.0
0.85,200,8.77,7.0,10.0
0.852,200,2.14,0.0,10.0
0.854,200,2.14,0.0,10.0
0.856,200,2.14,0.0,10.0
0.858,200,2.14,0.0,10.0
0.86,200,2.13,0.0,10.0
0.862,200,2.05,0.0,10.0
0.864,200,2.05,0.0,10.0
0.866,200,1.99,0.0,10.0
0.868,200,1.99,0.0,10.0
0.87,200,1.99,0.0,10.0
0.872,200,1.94,0.0,10.0
0.874,200,1.93,0.0,10.0
0.876,200,1.835,0.0,10.0
0.878,200,1.805,0.0,10.0
0.88,200,1.81,0.0,10.0
0.882,200,1.78,0.0,10.0
0.884,200,1.765,0.0,10.0
0.886,200,1.72,0.0,10.0
0.888,200,1.675,0.0,10.0
0.89,200,1.675,0.0,10.0
0.892,200,1.665,0.0,10.0
0.894,200,1.66,0.0,10.0
0.896,200,1.655,0.0,10.0
0.898,200,1.65,0.0,10.0
0.9,200,1.625,0.0,10.0
0.902,200,2.375,0.0,10.0
0.904,200,2.365,0.0,10.0
0.906,200,2.32,0.0,10.0
0.908,200,2.275,0.0,10.0
0.91,200,2.275,0.0,10.0
0.912,200,3.05,0.0,10.0
0.914,200,3.015,0.0,10.0
0.916,200,3.02,0.0,10.0
0.918,200,3.02,0.0,10.0
0.92,200,3.025,0.0,10.0
0.922,200,3.75,0.9500000000000011,10.0
0.924,200,3.72,0.0,10.0
0.926,200,3.735,0.9500000000000011,10.0
0.928,200,3.735,1.0,10.0
0.93,200,3.735,1.0,10.0
0.932,200,4.475,0.9500000000000011,10.0
0.934,200,4.48,1.0,10.0
0.936,200,4.49,1.0,10.0
0.9380000000000001,200,4.455,1.0,10.0
0.9400000000000001,200,4.415,1.0,10.0
0.9420000000000001,200,5.19,1.0,10.0
0.9440000000000001,200,5.195,1.0,10.0
0.9460000000000001,200,5.21,1.950000000000001,10.0
0.9480000000000001,200,5.22,2.0,10.0
0.9500000000000001,200,5.215,2.0,10.0
0.9520000000000001,200,5.97,2.0,10.0
0.9540000000000001,200,5.965,1.950000000000001,10.0
0.9560000000000001,200,5.99,1.950000000000001,10.0
0.9580000000000001,200,6.0,2.900000000000002,10.0
0.96,200,5.95,1.0,10.0
0.962,200,6.655,0.9500000000000011,10.0
0.964,200,6.665,1.0,10.0
0.966,200,6.69,1.0,10.0
0.968,200,6.595,0.0,10.0
0.97,200,6.575,0.0,10.0
0.972,200,7.325,0.0,10.0
0.974,200,7.345,0.0,10.0
0.976,200,7.37,0.0,10.0
0.978,200,7.385,0.0,10.0
0.98,200,7.385,0.0,10.0
0.982,200,8.18,0.9500000000000011,10.0
0.984,200,8.2,0.9500000000000011,10.0
0.986,200,8.215,0.9500000000000011,9.0
0.988,200,8.235,1.0,9.0
0.99,200,8.24,1.0,9.0
0.992,200,9.03,1.950000000000001,10.0
0.994,200,9.05,1.950000000000001,10.0
0.996,200,9.075,1.950000000000001,10.0
0.998,200,9.095,2.0,10.0
1.0,200,9.095,2.0,10.0
1.002,200,9.115,2.950000000000001,10.0
1.004,200,9.135,2.950000000000001,10.0
1.006,200,9.155,2.950000000000001,10.0
1.008,200,9.155,3.0,10.0
1.01,200,9.125,3.0,10.0
1.012,200,9.145,3.0,10.0
1.014,200,9.16,3.0,10.0
1.016,200,9.105,1.950000000000001,10.0
1.018,200,9.125,1.950000000000001,10.0
1.02,200,9.125,2.0,10.0
1.022,200,9.105,2.0,10.0
1.024,200,9.12,2.0,10.0
1.026,200,9.12,2.0,10.0
1.028,200,9.14,2.0,10.0
1.03,200,9.105,2.0,10.0
1.032,200,9.105,3.0,10.0
1.034,200,9.125,3.0,10.0
1.036,200,9.11,3.0,10.0
1.038,200,9.11,3.0,10.0
1.04,200,9.11,3.0,10.0
1.042,200,9.11,4.0,10.0
1.044,200,9.08,3.950000000000001,10.0
1.046,200,9.075,3.950000000000001,10.0
1.048,200,9.06,4.0,10.0
1.05,200,9.04,4.0,10.0
1.052,200,9.055,4.950000000000001,10.0
1.054,200,9.065,4.950000000000001,10.0
1.056,200,9.045,4.950000000000001,10.0
1.058,200,9.01,5.0,10.0
1.06,200,9.03,5.0,10.0
1.062,200,9.035,5.0,10.0
1.064,200,9.035,5.0,10.0
1.066,200,9.03,5.0,10.0
1.068,200,9.04,6.0,10.0
1.07,200,9.055,6.0,10.0
1.072,200,9.06,6.0,10.0
1.074,200,9.055,6.0,10.0
1.076,200,9.005,6.0,10.0
1.078,200,8.995,6.0,10.0
1.08,200,9.0,6.950000000000001,10.0
1.082,200,9.015,7.0,10.0
1.084,200,9.02,7.0,10.0
1.086,200,9.005,7.0,10.0
1.088,200,8.97,6.950000000000001,10.0
1.09,200,8.985,6.950000000000001,10.0
1.092,200,9.005,6.0,10.0
1.094,200,8.995,6.0,10.0
1.096,200,8.98,5.950000000000001,10.0
1.098,200,8.99,5.950000000000001,10.0
1.1,200,8.995,5.950000000000001,10.0
1.102,200,9.01,5.950000000000001,10.0
1.104,200,9.015,5.950000000000001,10.0
1.106,200,9.02,5.950000000000001,10.0
1.108,200,9.025,5.950000000000001,10.0
1.11,200,8.975,5.950000000000001,10.0
1.112,200,8.99,5.950000000000001,10.0
1.114,200,8.95,5.0,10.0
1.116,200,8.95,6.0,10.0
1.118,200,8.94,6.0,10.0
1.12,200,8.945,6.0,10.0
1.122,200,8.95,6.0,10.0
1.124,200,8.945,6.0,10.0
1.1260000000000001,200,8.95,6.0,10.0
1.1280000000000001,200,8.95,6.0,10.0
1.1300000000000001,200,8.955,6.0,10.0
1.1320000000000001,200,8.96,6.0,10.0
1.1340000000000001,200,8.96,6.0,10.0
1.1360000000000001,200,8.915,6.0,10.0
1.1380000000000001,200,8.915,6.0,10.0
1.1400000000000001,200,8.875,6.0,10.0
1.1420000000000001,200,8.88,6.0,10.0
1.1440000000000001,200,8.88,6.0,10.0
1.1460000000000001,200,8.865,6.0,10.0
1.1480000000000001,200,8.85,6.0,10.0
1.1500000000000001,200,8.85,6.0,10.0
1.1520000000000001,200,8.86,6.0,10.0
1.154,200,8.855,6.0,10.0
1.156,200,8.86,6.0,10.0
1.158,200,8.87,6.0,10.0
1.16,200,8.86,6.0,10.0
1.162,200,8.87,6.0,10.0
1.164,200,8.87,6.0,10.0
1.166,200,8.83,6.0,10.0
1.168,200,8.835,6.0,10.0
1.17,200,8.825,6.0,10.0
1.172,200,8.78,5.950000000000001,10.0
1.174,200,8.785,5.950000000000001,10.0
1.176,200,8.775,6.0,10.0
1.178,200,8.765,5.950000000000001,10.0
1.18,200,8.745,5.950000000000001,10.0
1.182,200,8.74,5.950000000000001,10.0
1.184,200,8.74,5.950000000000001,10.0
1.186,200,8.74,5.950000000000001,10.0
1.188,200,8.745,6.0,10.0
1.19,200,8.75,6.0,10.0
1.192,200,8.745,6.0,10.0
1.194,200,8.735,6.0,10.0
1.196,200,8.74,5.950000000000001,10.0
1.198,200,8.75,5.950000000000001,10.0
1.2,200,8.76,5.950000000000001,10.0
1.202,200,8.75,5.950000000000001,10.0
1.204,200,8.75,5.950000000000001,10.0
1.206,200,8.75,5.950000000000001,10.0
1.208,200,8.76,5.950000000000001,10.0
1.21,200,8.77,6.0,10.0
1.212,200,8.76,6.0,10.0
1.214,200,8.76,6.0,10.0
1.216,200,8.775,6.0,10.0
1.218,200,8.78,6.0,10.0
1.22,200,8.79,6.0,10.0
1.222,200,8.785,6.0,10.0
1.224,200,8.79,6.0,10.0
1.226,200,8.785,6.0,10.0
1.228,200,8.775,6.0,10.0
1.23,200,8.77,6.0,10.0
1.232,200,8.775,6.0,10.0
1.234,200,8.775,6.0,10.0
1.236,200,8.775,6.0,10.0
1.238,200,8.75,6.0,10.0
1.24,200,8.765,6.0,10.0
1.242,200,8.765,6.0,10.0
1.244,200,8.76,6.0,10.0
1.246,200,8.77,6.0,10.0
1.248,200,8.775,6.0,10.0
1.25,200,8.79,6.950000000000001,10.0
1.252,200,8.795,6.950000000000001,10.0
1.254,200,8.8,6.950000000000001,10.0
1.256,200,8.805,6.950000000000001,10.0
1.258,200,8.8,7.0,10.0
1.26,200,8.77,6.950000000000001,10.0
1.262,200,8.77,6.950000000000001,10.0
1.264,200,8.77,6.950000000000001,10.0
1.266,200,8.78,6.950000000000001,10.0
1.268,200,8.785,6.950000000000001,10.0
1.27,200,8.795,6.950000000000001,10.0
1.272,200,8.8,6.950000000000001,10.0
1.274,200,8.8,6.950000000000001,10.0
1.276,200,8.795,7.0,10.0
1.278,200,8.79,7.0,10.0
1.28,200,8.795,7.0,10.0
1.282,200,8.795,7.0,10.0
1.284,200,8.795,7.0,10.0
1.286,200,8.775,7.0,10.0
1.288,200,8.78,7.0,10.0
1.29,200,8.775,7.0,10.0
1.292,200,8.77,7.0,10.0
1.294,200,8.765,7.0,10.0
1.296,200,8.76,7.0,10.0
1.298,200,8.765,7.0,10.0
1.3,200,8.765,7.0,10.0
1.302,200,7.52,4.0,10.0
1.304,200,2.53,0.0,10.0
1.306,200,2.53,0.0,10.0
1.308,200,2.535,0.0,10.0
1.31,200,2.54,0.0,10.0
1.312,200,2.475,0.0,10.0
1.314,200,2.465,0.0,10.0
1.316,200,2.455,0.0,10.0
1.318,200,2.38,0.0,10.0
1.32,200,2.385,0.0,10.0
1.322,200,2.345,0.0,10.0
1.324,200,2.32,0.0,10.0
1.326,200,2.205,0.0,10.0
1.328,200,2.155,0.0,10.0
1.33,200,2.155,0.0,10.0
1.332,200,2.16,0.0,10.0
1.334,200,2.105,0.0,10.0
1.336,200,2.06,0.0,10.0
1.338,200,2.01,0.0,10.0
1.34,200,2.01,0.0,10.0
1.342,200,2.015,0.0,10.0
1.344,200,2.015,0.0,10.0
1.346,200,2.015,0.0,10.0
1.348,200,2.015,0.0,10.0
1.35,200,2.015,0.0,10.0
1.352,200,1.98,0.0,10.0
1.354,200,1.98,0.0,10.0
1.356,200,1.98,0.0,10.0
1.358,200,1.91,0.0,10.0
1.36,200,1.905,0.0,10.0
1.362,200,1.91,0.0,10.0
1.364,200,1.865,0.0,10.0
1.366,200,1.865,0.0,10.0
1.368,200,1.87,0.0,10.0
1.37,200,1.87,0.0,10.0
1.372,200,1.875,0.0,10.0
1.374,200,1.815,0.0,10.0
1.3760000000000001,200,1.81,0.0,10.0
1.3780000000000001,200,1.815,0.0,10.0
1.3800000000000001,200,1.815,0.0,10.0
1.3820000000000001,200,1.77,0.0,10.0
1.3840000000000001,200,1.77,0.0,10.0
1.3860000000000001,200,1.77,0.0,10.0
1.3880000000000001,200,1.75,0.0,10.0
1.3900000000000001,200,1.685,0.0,10.0
1.3920000000000001,200,1.69,0.0,10.0
1.3940000000000001,200,1.69,0.0,10.0
1.3960000000000001,200,1.69,0.0,10.0
1.3980000000000001,200,1.69,0.0,10.0
1.4000000000000001,200,1.685,0.0,10.0
1.4020000000000001,200,1.69,0.0,10.0
1.4040000000000001,200,1.65,0.0,10.0
1.4060000000000001,200,1.645,0.0,10.0
1.408,200,1.64,0.0,10.0
1.41,200,1.63,0.0,10.0
1.412,200,1.495,0.0,10.0
1.414,200,1.49,0.0,10.0
1.416,200,1.455,0.0,10.0
1.418,200,1.36,0.0,10.0
1.42,200,1.31,0.0,10.0
1.422,200,1.255,0.0,10.0
1.424,200,1.23,0.0,10.0
1.426,200,1.225,0.0,10.0
1.428,200,1.22,0.0,10.0
1.43,200,1.22,0.0,10.0
1.432,200,1.22,0.0,10.0
1.434,200,1.22,0.0,10.0
1.436,200,1.21,0.0,10.0
1.438,200,1.21,0.0,10.0
1.44,200,1.21,0.0,10.0
1.442,200,1.21,0.0,10.0
1.444,200,1.21,0.0,10.0
1.446,200,1.2,0.0,10.0
1.448,200,1.17,0.0,10.0
1.45,200,1.165,0.0,10.0
1.452,200,1.165,0.0,10.0
1.454,200,1.16,0.0,10.0
1.456,200,1.155,0.0,10.0
1.458,200,1.155,0.0,10.0
1.46,200,1.14,0.0,10.0
1.462,200,1.105,0.0,10.0
1.464,200,1.105,0.0,10.0
1.466,200,1.03,0.0,10.0
1.468,200,1.035,0.0,10.0
1.47,200,1.035,0.0,10.0
1.472,200,0.995,0.0,10.0
1.474,200,0.985,0.0,10.0
1.476,200,0.985,0.0,10.0
1.478,200,0.99,0.0,10.0
1.48,200,0.99,0.0,10.0
1.482,200,0.945,0.0,10.0
1.484,200,0.945,0.0,10.0
1.486,200,0.945,0.0,10.0
1.488,200,0.95,0.0,10.0
1.49,200,0.95,0.0,10.0
1.492,200,0.945,0.0,9.049999999999983
1.494,200,0.905,0.0,9.049999999999983
1.496,200,0.905,0.0,9.049999999999983
1.498,200,0.905,0.0,9.049999999999983
1.5,200,0.9,0.0,9.049999999999983
1.502,200,0.9,0.0,9.049999999999983
1.504,200,0.9,0.0,9.049999999999983
1.506,200,0.9,0.0,9.049999999999983
1.508,200,0.855,0.0,8.049999999999983
1.51,200,0.855,0.0,8.049999999999983
1.512,200,0.855,0.0,8.049999999999983
1.514,200,0.855,0.0,8.049999999999983
1.516,200,0.855,0.0,8.049999999999983
1.518,200,0.86,0.0,8.049999999999983
1.52,200,0.86,0.0,8.049999999999983
1.522,200,0.86,0.0,8.049999999999983
1.524,200,0.86,0.0,8.049999999999983
1.526,200,0.86,0.0,8.049999999999983
1.528,200,0.82,0.0,8.0
1.53,200,0.82,0.0,8.0
1.532,200,0.82,0.0,8.0
1.534,200,0.81,0.0,8.0
1.536,200,0.81,0.0,8.0
1.538,200,0.745,0.0,8.0
1.54,200,0.73,0.0,8.0
1.542,200,0.73,0.0,8.0
1.544,200,0.715,0.0,8.0
1.546,200,0.69,0.0,8.0
1.548,200,0.65,0.0,8.0
1.55,200,0.65,0.0,8.0
1.552,200,0.65,0.0,8.0
1.554,200,0.65,0.0,8.0
1.556,200,0.65,0.0,8.0
1.558,200,0.655,0.0,8.0
1.56,200,0.63,0.0,8.0
1.562,200,0.615,0.0,8.0
1.564,200,0.575,0.0,7.049999999999983
1.566,200,0.575,0.0,7.049999999999983
1.568,200,0.575,0.0,7.049999999999983
1.57,200,0.53,0.0,7.0
1.572,200,0.53,0.0,7.0
1.574,200,0.53,0.0,7.0
1.576,200,0.53,0.0,7.0
1.578,200,0.53,0.0,7.0
1.58,200,0.53,0.0,7.0
1.582,200,0.53,0.0,7.0
1.584,200,0.53,0.0,7.0
1.586,200,0.51,0.0,7.0
1.588,200,0.475,0.0,7.0
1.59,200,0.455,0.0,3.199999999999932
1.592,200,0.44,0.0,0.34999999999988063
1.594,200,0.435,0.0,0.34999999999988063
1.596,200,0.435,0.0,0.34999999999988063
1.598,200,0.355,0.0,0.0
1.6,200,0.355,0.0,0.0
1.602,200,0.355,0.0,0.0
1.604,200,0.355,0.0,0.0
1.606,200,0.355,0.0,0.0
1.608,200,0.355,0.0,0.0
1.61,200,0.355,0.0,0.0
1.612,200,0.355,0.0,0.0
1.614,200,0.355,0.0,0.0
1.616,200,0.35,0.0,0.0
1.618,200,0.315,0.0,0.0
1.62,200,0.315,0.0,0.0
1.622,200,0.27,0.0,0.0
1.624,200,0.27,0.0,0.0
1.6260000000000001,200,0.27,0.0,0.0
1.6280000000000001,200,0.27,0.0,0.0
1.6300000000000001,200,0.235,0.0,0.0
1.6320000000000001,200,0.235,0.0,0.0
1.6340000000000001,200,0.235,0.0,0.0
1.6360000000000001,200,0.235,0.0,0.0
1.6380000000000001,200,0.235,0.0,0.0
1.6400000000000001,200,0.235,0.0,0.0
1.6420000000000001,200,0.235,0.0,0.0
1.6440000000000001,200,0.235,0.0,0.0
1.6460000000000001,200,0.235,0.0,0.0
1.6480000000000001,200,0.235,0.0,0.0
1.6500000000000001,200,0.235,0.0,0.0
1.6520000000000001,200,0.235,0.0,0.0
1.6540000000000001,200,0.235,0.0,0.0
1.6560000000000001,200,0.235,0.0,0.0
1.6580000000000001,200,0.235,0.0,0.0
1.6600000000000001,200,0.235,0.0,0.0
1.6620000000000001,200,0.235,0.0,0.0
1.6640000000000001,200,0.235,0.0,0.0
1.666,200,0.235,0.0,0.0
1.668,200,0.235,0.0,0.0
1.67,200,0.23,0.0,0.0
1.672,200,0.23,0.0,0.0
1.674,200,0.23,0.0,0.0
1.676,200,0.23,0.0,0.0
1.678,200,0.23,0.0,0.0
1.68,200,0.23,0.0,0.0
1.682,200,0.23,0.0,0.0
1.684,200,0.23,0.0,0.0
1.686,200,0.23,0.0,0.0
1.688,200,0.19,0.0,0.0
1.69,200,0.19,0.0,0.0
1.692,200,0.19,0.0,0.0
1.694,200,0.19,0.0,0.0
1.696,200,0.19,0.0,0.0
1.698,200,0.19,0.0,0.0
1.7,200,0.19,0.0,0.0
1.702,200,0.19,0.0,0.0
1.704,200,0.19,0.0,0.0
1.706,200,0.19,0.0,0.0
1.708,200,0.19,0.0,0.0
1.71,200,0.19,0.0,0.0
1.712,200,0.145,0.0,0.0
1.714,200,0.145,0.0,0.0
1.716,200,0.145,0.0,0.0
1.718,200,0.145,0.0,0.0
1.72,200,0.145,0.0,0.0
1.722,200,0.145,0.0,0.0
1.724,200,0.145,0.0,0.0
1.726,200,0.145,0.0,0.0
1.728,200,0.145,0.0,0.0
1.73,200,0.145,0.0,0.0
1.732,200,0.145,0.0,0.0
1.734,200,0.145,0.0,0.0
1.736,200,0.145,0.0,0.0
1.738,200,0.145,0.0,0.0
1.74,200,0.145,0.0,0.0
1.742,200,0.145,0.0,0.0
1.744,200,0.145,0.0,0.0
1.746,200,0.145,0.0,0.0
1.748,200,0.145,0.0,0.0
1.75,200,0.145,0.0,0.0
1.752,200,0.145,0.0,0.0
1.754,200,0.145,0.0,0.0
1.756,200,0.145,0.0,0.0
1.758,200,0.145,0.0,0.0
1.76,200,0.145,0.0,0.0
1.762,200,0.145,0.0,0.0
1.764,200,0.145,0.0,0.0
1.766,200,0.145,0.0,0.0
1.768,200,0.145,0.0,0.0
1.77,200,0.145,0.0,0.0
1.772,200,0.145,0.0,0.0
1.774,200,0.145,0.0,0.0
1.776,200,0.145,0.0,0.0
1.778,200,0.145,0.0,0.0
1.78,200,0.145,0.0,0.0
1.782,200,0.145,0.0,0.0
1.784,200,0.145,0.0,0.0
1.786,200,0.145,0.0,0.0
1.788,200,0.145,0.0,0.0
1.79,200,0.145,0.0,0.0
1.792,200,0.145,0.0,0.0
1.794,200,0.145,0.0,0.0
1.796,200,0.145,0.0,0.0
1.798,200,0.145,0.0,0.0
1.8,200,0.145,0.0,0.0
1.802,200,0.145,0.0,0.0
1.804,200,0.145,0.0,0.0
1.806,200,0.145,0.0,0.0
1.808,200,0.145,0.0,0.0
1.81,200,0.145,0.0,0.0
1.812,200,0.145,0.0,0.0
1.814,200,0.145,0.0,0.0
1.816,200,0.145,0.0,0.0
1.818,200,0.145,0.0,0.0
1.82,200,0.145,0.0,0.0
1.822,200,0.145,0.0,0.0
1.824,200,0.145,0.0,0.0
1.826,200,0.145,0.0,0.0
1.828,200,0.145,0.0,0.0
1.83,200,0.145,0.0,0.0
1.832,200,0.145,0.0,0.0
1.834,200,0.145,0.0,0.0
1.836,200,0.145,0.0,0.0
1.838,200,0.145,0.0,0.0
1.84,200,0.145,0.0,0.0
1.842,200,0.145,0.0,0.0
1.844,200,0.145,0.0,0.0
1.846,200,0.145,0.0,0.0
1.848,200,0.145,0.0,0.0
1.85,200,0.145,0.0,0.0
1.852,200,0.145,0.0,0.0
1.854,200,0.145,0.0,0.0
1.856,200,0.145,0.0,0.0
1.858,200,0.145,0.0,0.0
1.86,200,0.145,0.0,0.0
1.862,200,0.145,0.0,0.0
1.864,200,0.145,0.0,0.0
1.866,200,0.14,0.0,0.0
1.868,200,0.14,0.0,0.0
1.87,200,0.095,0.0,0.0
1.872,200,0.095,0.0,0.0
1.874,200,0.095,0.0,0.0
1.8760000000000001,200,0.07,0.0,0.0
1.8780000000000001,200,0.05,0.0,0.0
1.8800000000000001,200,0.05,0.0,0.0
1.8820000000000001,200,0.05,0.0,0.0
1.8840000000000001,200,0.05,0.0,0.0
1.8860000000000001,200,0.05,0.0,0.0
1.8880000000000001,200,0.05,0.0,0.0
1.8900000000000001,200,0.05,0.0,0.0
1.8920000000000001,200,0.05,0.0,0.0
1.8940000000000001,200,0.05,0.0,0.0
1.8960000000000001,200,0.05,0.0,0.0
1.8980000000000001,200,0.05,0.0,0.0
1.9000000000000001,200,0.05,0.0,0.0
1.9020000000000001,200,0.05,0.0,0.0
1.9040000000000001,200,0.05,0.0,0.0
1.9060000000000001,200,0.05,0.0,0.0
1.9080000000000001,200,0.05,0.0,0.0
1.9100000000000001,200,0.05,0.0,0.0
1.9120000000000001,200,0.05,0.0,0.0
1.9140000000000001,200,0.05,0.0,0.0
1.9160000000000001,200,0.05,0.0,0.0
1.9180000000000001,200,0.05,0.0,0.0
1.92,200,0.05,0.0,0.0
1.922,200,0.05,0.0,0.0
1.924,200,0.05,0.0,0.0
1.926,200,0.05,0.0,0.0
1.928,200,0.05,0.0,0.0
1.93,200,0.05,0.0,0.0
1.932,200,0.05,0.0,0.0
1.934,200,0.05,0.0,0.0
1.936,200,0.05,0.0,0.0
1.938,200,0.05,0.0,0.0
1.94,200,0.05,0.0,0.0
1.942,200,0.05,0.0,0.0
1.944,200,0.05,0.0,0.0
1.946,200,0.05,0.0,0.0
1.948,200,0.05,0.0,0.0
1.95,200,0.05,0.0,0.0
1.952,200,0.05,0.0,0.0
1.954,200,0.05,0.0,0.0
1.956,200,0.05,0.0,0.0
1.958,200,0.05,0.0,0.0
1.96,200,0.05,0.0,0.0
1.962,200,0.05,0.0,0.0
1.964,200,0.05,0.0,0.0
1.966,200,0.05,0.0,0.0
1.968,200,0.05,0.0,0.0
1.97,200,0.05,0.0,0.0
1.972,200,0.05,0.0,0.0
1.974,200,0.05,0.0,0.0
1.976,200,0.05,0.0,0.0
1.978,200,0.05,0.0,0.0
1.98,200,0.05,0.0,0.0
1.982,200,0.05,0.0,0.0
1.984,200,0.05,0.0,0.0
1.986,200,0.05,0.0,0.0
1.988,200,0.05,0.0,0.0
1.99,200,0.05,0.0,0.0
1.992,200,0.05,0.0,0.0
1.994,200,0.05,0.0,0.0
1.996,200,0.05,0.0,0.0
1.998,200,0.05,0.0,0.0
2.0,200,0.05,0.0,0.0
2.0020000000000002,200,0.05,0.0,0.0
2.004,200,0.05,0.0,0.0
2.0060000000000002,200,0.05,0.0,0.0
2.008,200,0.05,0.0,0.0
2.0100000000000002,200,0.05,0.0,0.0
2.012,200,0.05,0.0,0.0
2.0140000000000002,200,0.05,0.0,0.0
2.016,200,0.05,0.0,0.0
2.0180000000000002,200,0.05,0.0,0.0
2.02,200,0.05,0.0,0.0
2.0220000000000002,200,0.05,0.0,0.0
2.024,200,0.05,0.0,0.0
2.0260000000000002,200,0.05,0.0,0.0
2.028,200,0.05,0.0,0.0
2.0300000000000002,200,0.05,0.0,0.0
2.032,200,0.05,0.0,0.0
2.0340000000000003,200,0.05,0.0,0.0
2.036,200,0.05,0.0,0.0
2.0380000000000003,200,0.05,0.0,0.0
2.04,200,0.05,0.0,0.0
2.0420000000000003,200,0.05,0.0,0.0
2.044,200,0.05,0.0,0.0
2.0460000000000003,200,0.05,0.0,0.0
2.048,200,0.05,0.0,0.0
2.05,200,0.05,0.0,0.0
2.052,200,0.05,0.0,0.0
2.054,200,0.045,0.0,0.0
2.056,200,0.045,0.0,0.0
2.058,200,0.045,0.0,0.0
2.06,200,0.045,0.0,0.0
2.062,200,0.045,0.0,0.0
2.064,200,0.0,0.0,0.0
2.066,200,0.0,0.0,0.0
2.068,200,0.0,0.0,0.0
2.07,200,0.0,0.0,0.0
2.072,200,0.0,0.0,0.0
2.074,200,0.0,0.0,0.0
2.076,200,0.0,0.0,0.0
2.078,200,0.0,0.0,0.0
2.08,200,0.0,0.0,0.0
2.082,200,0.0,0.0,0.0
2.084,200,0.0,0.0,0.0
2.086,200,0.0,0.0,0.0
2.088,200,0.0,0.0,0.0
2.09,200,0.0,0.0,0.0
2.092,200,0.0,0.0,0.0
2.094,200,0.0,0.0,0.0
2.096,200,0.0,0.0,0.0
2.098,200,0.0,0.0,0.0
2.1,200,0.0,0.0,0.0
2.102,200,0.0,0.0,0.0
2.104,200,0.0,0.0,0.0
2.106,200,0.0,0.0,0.0
2.108,200,0.0,0.0,0.0
2.11,200,0.0,0.0,0.0
2.112,200,0.0,0.0,0.0
2.114,200,0.0,0.0,0.0
2.116,200,0.0,0.0,0.0
2.118,200,0.0,0.0,0.0
2.12,200,0.0,0.0,0.0
2.122,200,0.0,0.0,0.0
2.124,200,0.0,0.0,0.0
2.126,200,0.0,0.0,0.0
2.128,200,0.0,0.0,0.0
2.13,200,0.0,0.0,0.0
2.132,200,0.0,0.0,0.0
2.134,200,0.0,0.0,0.0
2.136,200,0.0,0.0,0.0
2.138,200,0.0,0.0,0.0
2.14,200,0.0,0.0,0.0
2.142,200,0.0,0.0,0.0
2.144,200,0.0,0.0,0.0
2.146,200,0.0,0.0,0.0
2.148,200,0.0,0.0,0.0
2.15,200,0.0,0.0,0.0
2.152,200,0.0,0.0,0.0
2.154,200,0.0,0.0,0.0
2.156,200,0.0,0.0,0.0
2.158,200,0.0,0.0,0.0
2.16,200,0.0,0.0,0.0
2.162,200,0.0,0.0,0.0
2.164,200,0.0,0.0,0.0
2.166,200,0.0,0.0,0.0
2.168,200,0.0,0.0,0.0
2.17,200,0.0,0.0,0.0
2.172,200,0.0,0.0,0.0
2.174,200,0.0,0.0,0.0
2.176,200,0.0,0.0,0.0
2.178,200,0.0,0.0,0.0
2.18,200,0.0,0.0,0.0
2.182,200,0.0,0.0,0.0
2.184,200,0.0,0.0,0.0
2.186,200,0.0,0.0,0.0
2.188,200,0.0,0.0,0.0
2.19,200,0.0,0.0,0.0
2.192,200,0.0,0.0,0.0
2.194,200,0.0,0.0,0.0
2.196,200,0.0,0.0,0.0
2.198,200,0.0,0.0,0.0
2.2,200,0.0,0.0,0.0
2.202,200,0.0,0.0,0.0
2.204,200,0.0,0.0,0.0
2.206,200,0.0,0.0,0.0
2.208,200,0.0,0.0,0.0
2.21,200,0.0,0.0,0.0
2.212,200,0.0,0.0,0.0
2.214,200,0.0,0.0,0.0
2.216,200,0.0,0.0,0.0
2.218,200,0.0,0.0,0.0
2.22,200,0.0,0.0,0.0
2.222,200,0.0,0.0,0.0
2.224,200,0.0,0.0,0.0
2.226,200,0.0,0.0,0.0
2.228,200,0.0,0.0,0.0
2.23,200,0.0,0.0,0.0
2.232,200,0.0,0.0,0.0
2.234,200,0.0,0.0,0.0
2.236,200,0.0,0.0,0.0
2.238,200,0.0,0.0,0.0
2.24,200,0.0,0.0,0.0
2.242,200,0.0,0.0,0.0
2.244,200,0.0,0.0,0.0
2.246,200,0.0,0.0,0.0
2.248,200,0.0,0.0,0.0
2.25,200,0.0,0.0,0.0
2.2520000000000002,200,0.0,0.0,0.0
2.254,200,0.0,0.0,0.0
2.2560000000000002,200,0.0,0.0,0.0
2.258,200,0.0,0.0,0.0
2.2600000000000002,200,0.0,0.0,0.0
2.262,200,0.0,0.0,0.0
2.2640000000000002,200,0.0,0.0,0.0
2.266,200,0.0,0.0,0.0
2.2680000000000002,200,0.0,0.0,0.0
2.27,200,0.0,0.0,0.0
2.2720000000000002,200,0.0,0.0,0.0
2.274,200,0.0,0.0,0.0
2.2760000000000002,200,0.0,0.0,0.0
2.278,200,0.0,0.0,0.0
2.2800000000000002,200,0.0,0.0,0.0
2.282,200,0.0,0.0,0.0
2.2840000000000003,200,0.0,0.0,0.0
2.286,200,0.0,0.0,0.0
2.2880000000000003,200,0.0,0.0,0.0
2.29,200,0.0,0.0,0.0
2.2920000000000003,200,0.0,0.0,0.0
2.294,200,0.0,0.0,0.0
2.2960000000000003,200,0.0,0.0,0.0
2.298,200,0.0,0.0,0.0
2.3000000000000003,200,0.0,0.0,0.0
2.302,200,0.0,0.0,0.0
2.3040000000000003,200,0.0,0.0,0.0
2.306,200,0.0,0.0,0.0
2.308,200,0.0,0.0,0.0
2.31,200,0.0,0.0,0.0
2.312,200,0.0,0.0,0.0
2.314,200,0.0,0.0,0.0
2.316,200,0.0,0.0,0.0
2.318,200,0.0,0.0,0.0
2.32,200,0.0,0.0,0.0
2.322,200,0.0,0.0,0.0
2.324,200,0.0,0.0,0.0
2.326,200,0.0,0.0,0.0
2.328,200,0.0,0.0,0.0
2.33,200,0.0,0.0,0.0
2.332,200,0.0,0.0,0.0
2.334,200,0.0,0.0,0.0
2.336,200,0.0,0.0,0.0
2.338,200,0.0,0.0,0.0
2.34,200,0.0,0.0,0.0
2.342,200,0.0,0.0,0.0
2.344,200,0.0,0.0,0.0
2.346,200,0.0,0.0,0.0
2.348,200,0.0,0.0,0.0
2.35,200,0.0,0.0,0.0
2.352,200,0.0,0.0,0.0
2.354,200,0.0,0.0,0.0
2.356,200,0.0,0.0,0.0
2.358,200,0.0,0.0,0.0
2.36,200,0.0,0.0,0.0
2.362,200,0.0,0.0,0.0
2.364,200,0.0,0.0,0.0
2.366,200,0.0,0.0,0.0
2.368,200,0.0,0.0,0.0
2.37,200,0.0,0.0,0.0
2.372,200,0.0,0.0,0.0
2.374,200,0.0,0.0,0.0
2.376,200,0.0,0.0,0.0
2.378,200,0.0,0.0,0.0
2.38,200,0.0,0.0,0.0
2.382,200,0.0,0.0,0.0
2.384,200,0.0,0.0,0.0
2.386,200,0.0,0.0,0.0
2.388,200,0.0,0.0,0.0
2.39,200,0.0,0.0,0.0
2.392,200,0.0,0.0,0.0
2.394,200,0.0,0.0,0.0
2.396,200,0.0,0.0,0.0
2.398,200,0.0,0.0,0.0
2.4,200,0.0,0.0,0.0
2.402,200,0.0,0.0,0.0
2.404,200,0.0,0.0,0.0
2.406,200,0.0,0.0,0.0
2.408,200,0.0,0.0,0.0
2.41,200,0.0,0.0,0.0
2.412,200,0.0,0.0,0.0
2.414,200,0.0,0.0,0.0
2.416,200,0.0,0.0,0.0
2.418,200,0.0,0.0,0.0
2.42,200,0.0,0.0,0.0
2.422,200,0.0,0.0,0.0
2.424,200,0.0,0.0,0.0
2.426,200,0.0,0.0,0.0
2.428,200,0.0,0.0,0.0
2.43,200,0.0,0.0,0.0
2.432,200,0.0,0.0,0.0
2.434,200,0.0,0.0,0.0
2.436,200,0.0,0.0,0.0
2.438,200,0.0,0.0,0.0
2.44,200,0.0,0.0,0.0
2.442,200,0.0,0.0,0.0
2.444,200,0.0,0.0,0.0
2.446,200,0.0,0.0,0.0
2.448,200,0.0,0.0,0.0
2.45,200,0.0,0.0,0.0
2.452,200,0.0,0.0,0.0
2.454,200,0.0,0.0,0.0
2.456,200,0.0,0.0,0.0
2.458,200,0.0,0.0,0.0
2.46,200,0.0,0.0,0.0
2.462,200,0.0,0.0,0.0
2.464,200,0.0,0.0,0.0
2.466,200,0.0,0.0,0.0
2.468,200,0.0,0.0,0.0
2.47,200,0.0,0.0,0.0
2.472,200,0.0,0.0,0.0
2.474,200,0.0,0.0,0.0
2.476,200,0.0,0.0,0.0
2.478,200,0.0,0.0,0.0
2.48,200,0.0,0.0,0.0
2.482,200,0.0,0.0,0.0
2.484,200,0.0,0.0,0.0
2.486,200,0.0,0.0,0.0
2.488,200,0.0,0.0,0.0
2.49,200,0.0,0.0,0.0
2.492,200,0.0,0.0,0.0
2.494,200,0.0,0.0,0.0
2.496,200,0.0,0.0,0.0
2.498,200,0.0,0.0,0.0
2.5,200,0.0,0.0,0.0
2.5020000000000002,200,0.0,0.0,0.0
2.504,200,0.0,0.0,0.0
2.5060000000000002,200,0.0,0.0,0.0
2.508,200,0.0,0.0,0.0
2.5100000000000002,200,0.0,0.0,0.0
2.512,200,0.0,0.0,0.0
2.5140000000000002,200,0.0,0.0,0.0
2.516,200,0.0,0.0,0.0
2.5180000000000002,200,0.0,0.0,0.0
2.52,200,0.0,0.0,0.0
2.5220000000000002,200,0.0,0.0,0.0
2.524,200,0.0,0.0,0.0
2.5260000000000002,200,0.0,0.0,0.0
2.528,200,0.0,0.0,0.0
2.5300000000000002,200,0.0,0.0,0.0
2.532,200,0.0,0.0,0.0
2.5340000000000003,200,0.0,0.0,0.0
2.536,200,0.0,0.0,0.0
2.5380000000000003,200,0.0,0.0,0.0
2.54,200,0.0,0.0,0.0
2.5420000000000003,200,0.0,0.0,0.0
2.544,200,0.0,0.0,0.0
2.5460000000000003,200,0.0,0.0,0.0
2.548,200,0.0,0.0,0.0
2.5500000000000003,200,0.0,0.0,0.0
2.552,200,0.0,0.0,0.0
2.5540000000000003,200,0.0,0.0,0.0
2.556,200,0.0,0.0,0.0
2.5580000000000003,200,0.0,0.0,0.0
2.56,200,0.0,0.0,0.0
2.562,200,0.0,0.0,0.0
2.564,200,0.0,0.0,0.0
2.566,200,0.0,0.0,0.0
2.568,200,0.0,0.0,0.0
2.57,200,0.0,0.0,0.0
2.572,200,0.0,0.0,0.0
2.574,200,0.0,0.0,0.0
2.576,200,0.0,0.0,0.0
2.578,200,0.0,0.0,0.0
2.58,200,0.0,0.0,0.0
2.582,200,0.0,0.0,0.0
2.584,200,0.0,0.0,0.0
2.586,200,0.0,0.0,0.0
2.588,200,0.0,0.0,0.0
2.59,200,0.0,0.0,0.0
2.592,200,0.0,0.0,0.0
2.594,200,0.0,0.0,0.0
2.596,200,0.0,0.0,0.0
2.598,200,0.0,0.0,0.0
2.6,200,0.0,0.0,0.0
2.602,200,0.0,0.0,0.0
2.604,200,0.0,0.0,0.0
2.606,200,0.0,0.0,0.0
2.608,200,0.0,0.0,0.0
2.61,200,0.0,0.0,0.0
2.612,200,0.0,0.0,0.0
2.614,200,0.0,0.0,0.0
2.616,200,0.0,0.0,0.0
2.618,200,0.0,0.0,0.0
2.62,200,0.0,0.0,0.0
2.622,200,0.0,0.0,0.0
2.624,200,0.0,0.0,0.0
2.626,200,0.0,0.0,0.0
2.628,200,0.0,0.0,0.0
2.63,200,0.0,0.0,0.0
2.632,200,0.0,0.0,0.0
2.634,200,0.0,0.0,0.0
2.636,200,0.0,0.0,0.0
2.638,200,0.0,0.0,0.0
2.64,200,0.0,0.0,0.0
2.642,200,0.0,0.0,0.0
2.644,200,0.0,0.0,0.0
2.646,200,0.0,0.0,0.0
2.648,200,0.0,0.0,0.0
2.65,200,0.0,0.0,0.0
2.652,200,0.0,0.0,0.0
2.654,200,0.0,0.0,0.0
2.656,200,0.0,0.0,0.0
2.658,200,0.0,0.0,0.0
2.66,200,0.0,0.0,0.0
2.662,200,0.0,0.0,0.0
2.664,200,0.0,0.0,0.0
2.666,200,0.0,0.0,0.0
2.668,200,0.0,0.0,0.0
2.67,200,0.0,0.0,0.0
2.672,200,0.0,0.0,0.0
2.674,200,0.0,0.0,0.0
2.676,200,0.0,0.0,0.0
2.678,200,0.0,0.0,0.0
2.68,200,0.0,0.0,0.0
2.682,200,0.0,0.0,0.0
2.684,200,0.0,0.0,0.0
2.686,200,0.0,0.0,0.0
2.688,200,0.0,0.0,0.0
2.69,200,0.0,0.0,0.0
2.692,200,0.0,0.0,0.0
2.694,200,0.0,0.0,0.0
2.696,200,0.0,0.0,0.0
2.698,200,0.0,0.0,0.0
2.7,200,0.0,0.0,0.0
2.702,200,0.0,0.0,0.0
2.704,200,0.0,0.0,0.0
2.706,200,0.0,0.0,0.0
2.708,200,0.0,0.0,0.0
2.71,200,0.0,0.0,0.0
2.712,200,0.0,0.0,0.0
2.714,200,0.0,0.0,0.0
2.716,200,0.0,0.0,0.0
2.718,200,0.0,0.0,0.0
2.72,200,0.0,0.0,0.0
2.722,200,0.0,0.0,0.0
2.724,200,0.0,0.0,0.0
2.726,200,0.0,0.0,0.0
2.728,200,0.0,0.0,0.0
2.73,200,0.0,0.0,0.0
2.732,200,0.0,0.0,0.0
2.734,200,0.0,0.0,0.0
2.736,200,0.0,0.0,0.0
2.738,200,0.0,0.0,0.0
2.74,200,0.0,0.0,0.0
2.742,200,0.0,0.0,0.0
2.744,200,0.0,0.0,0.0
2.746,200,0.0,0.0,0.0
2.748,200,0.0,0.0,0.0
2.75,200,0.0,0.0,0.0
2.7520000000000002,200,0.0,0.0,0.0
2.754,200,0.0,0.0,0.0
2.7560000000000002,200,0.0,0.0,0.0
2.758,200,0.0,0.0,0.0
2.7600000000000002,200,0.0,0.0,0.0
2.762,200,0.0,0.0,0.0
2.7640000000000002,200,0.0,0.0,0.0
2.766,200,0.0,0.0,0.0
2.7680000000000002,200,0.0,0.0,0.0
2.77,200,0.0,0.0,0.0
2.7720000000000002,200,0.0,0.0,0.0
2.774,200,0.0,0.0,0.0
2.7760000000000002,200,0.0,0.0,0.0
2.778,200,0.0,0.0,0.0
2.7800000000000002,200,0.0,0.0,0.0
2.782,200,0.0,0.0,0.0
2.7840000000000003,200,0.0,0.0,0.0
2.786,200,0.0,0.0,0.0
2.7880000000000003,200,0.0,0.0,0.0
2.79,200,0.0,0.0,0.0
2.7920000000000003,200,0.0,0.0,0.0
2.794,200,0.0,0.0,0.0
2.7960000000000003,200,0.0,0.0,0.0
2.798,200,0.0,0.0,0.0
2.8000000000000003,200,0.0,0.0,0.0
2.802,200,0.0,0.0,0.0
2.8040000000000003,200,0.0,0.0,0.0
2.806,200,0.0,0.0,0.0
2.8080000000000003,200,0.0,0.0,0.0
2.81,200,0.0,0.0,0.0
2.8120000000000003,200,0.0,0.0,0.0
2.814,200,0.0,0.0,0.0
2.816,200,0.0,0.0,0.0
2.818,200,0.0,0.0,0.0
2.82,200,0.0,0.0,0.0
2.822,200,0.0,0.0,0.0
2.824,200,0.0,0.0,0.0
2.826,200,0.0,0.0,0.0
2.828,200,0.0,0.0,0.0
2.83,200,0.0,0.0,0.0
2.832,200,0.0,0.0,0.0
2.834,200,0.0,0.0,0.0
2.836,200,0.0,0.0,0.0
2.838,200,0.0,0.0,0.0
2.84,200,0.0,0.0,0.0
2.842,200,0.0,0.0,0.0
2.844,200,0.0,0.0,0.0
2.846,200,0.0,0.0,0.0
2.848,200,0.0,0.0,0.0
2.85,200,0.0,0.0,0.0
2.852,200,0.0,0.0,0.0
2.854,200,0.0,0.0,0.0
2.856,200,0.0,0.0,0.0
2.858,200,0.0,0.0,0.0
2.86,200,0.0,0.0,0.0
2.862,200,0.0,0.0,0.0
2.864,200,0.0,0.0,0.0
2.866,200,0.0,0.0,0.0
2.868,200,0.0,0.0,0.0
2.87,200,0.0,0.0,0.0
2.872,200,0.0,0.0,0.0
2.874,200,0.0,0.0,0.0
2.876,200,0.0,0.0,0.0
2.878,200,0.0,0.0,0.0
2.88,200,0.0,0.0,0.0
2.882,200,0.0,0.0,0.0
2.884,200,0.0,0.0,0.0
2.886,200,0.0,0.0,0.0
2.888,200,0.0,0.0,0.0
2.89,200,0.0,0.0,0.0
2.892,200,0.0,0.0,0.0
2.894,200,0.0,0.0,0.0
2.896,200,0.0,0.0,0.0
2.898,200,0.0,0.0,0.0
2.9,200,0.0,0.0,0.0
2.902,200,0.0,0.0,0.0
2.904,200,0.0,0.0,0.0
2.906,200,0.0,0.0,0.0
2.908,200,0.0,0.0,0.0
2.91,200,0.0,0.0,0.0
2.912,200,0.0,0.0,0.0
2.914,200,0.0,0.0,0.0
2.916,200,0.0,0.0,0.0
2.918,200,0.0,0.0,0.0
2.92,200,0.0,0.0,0.0
2.922,200,0.0,0.0,0.0
2.924,200,0.0,0.0,0.0
2.926,200,0.0,0.0,0.0
2.928,200,0.0,0.0,0.0
2.93,200,0.0,0.0,0.0
2.932,200,0.0,0.0,0.0
2.934,200,0.0,0.0,0.0
2.936,200,0.0,0.0,0.0
2.938,200,0.0,0.0,0.0
2.94,200,0.0,0.0,0.0
2.942,200,0.0,0.0,0.0
2.944,200,0.0,0.0,0.0
2.946,200,0.0,0.0,0.0
2.948,200,0.0,0.0,0.0
2.95,200,0.0,0.0,0.0
2.952,200,0.0,0.0,0.0
2.954,200,0.0,0.0,0.0
2.956,200,0.0,0.0,0.0
2.958,200,0.0,0.0,0.0
2.96,200,0.0,0.0,0.0
2.962,200,0.0,0.0,0.0
2.964,200,0.0,0.0,0.0
2.966,200,0.0,0.0,0.0
2.968,200,0.0,0.0,0.0
2.97,200,0.0,0.0,0.0
2.972,200,0.0,0.0,0.0
2.974,200,0.0,0.0,0.0
2.976,200,0.0,0.0,0.0
2.978,200,0.0,0.0,0.0
2.98,200,0.0,0.0,0.0
2.982,200,0.0,0.0,0.0
2.984,200,0.0,0.0,0.0
2.986,200,0.0,0.0,0.0
2.988,200,0.0,0.0,0.0
2.99,200,0.0,0.0,0.0
2.992,200,0.0,0.0,0.0
2.994,200,0.0,0.0,0.0
2.996,200,0.0,0.0,0.0
2.998,200,0.0,0.0,0.0
3.0,200,0.0,0.0,0.0
