episode_id,policy_path_id,window_start,cycle_id,order_id,order_slot,post_time_s,fill_time_s,qty,impact_left,cost_jump,contribution,cumulative_cost
0,0,2025-05-29 10:30:00.006003-04:00,1,10,0,0.45070542834342536,0.8656833436676477,1,0.010185533543299995,0.010185533543299995,0.010185533543299995,0.010185533543299995
0,1,2025-05-29 10:30:00.006003-04:00,0,0,0,0.0,0.19964815011494486,1,0.006445169789330325,0.006445169789330325,0.006445169789330325,0.006445169789330325
0,1,2025-05-29 10:30:00.006003-04:00,1,10,0,0.4509849262282567,0.8174117178104983,1,0.009962843543299994,0.009962843543299994,0.009962843543299994,0.016408013332630318
0,1,2025-05-29 10:30:00.006003-04:00,2,20,0,0.9019358918308338,1.0741902356733248,1,0.011020164697087187,0.011020164697087187,0.011020164697087187,0.027428178029717504
0,2,2025-05-29 10:30:00.006003-04:00,0,0,0,0.0,0.11912364766951217,1,0.006128155570570267,0.006128155570570267,0.006128155570570267,0.006128155570570267
0,2,2025-05-29 10:30:00.006003-04:00,0,1,1,0.01,0.12980230185123137,1,0.006285431810397292,0.006285431810397292,0.006285431810397292,0.01241358738096756
0,2,2025-05-29 10:30:00.006003-04:00,1,10,0,0.4507478485168263,0.6111256998758738,1,0.007539057936345757,0.007539057936345757,0.007539057936345757,0.019952645317313316
0,2,2025-05-29 10:30:00.006003-04:00,1,11,1,0.4607478485168263,0.61120005241725,1,0.007539057936345757,0.007539057936345757,0.007539057936345757,0.027491703253659072
0,2,2025-05-29 10:30:00.006003-04:00,2,20,0,0.9016583240208907,1.0106494981879452,1,0.010030594097955675,0.010030594097955675,0.010030594097955675,0.03752229735161475
0,3,2025-05-29 10:30:00.006003-04:00,0,0,0,0.0,0.1430929768825326,1,0.006445169789330325,0.006445169789330325,0.006445169789330325,0.006445169789330325
0,3,2025-05-29 10:30:00.006003-04:00,1,10,0,0.4508603634598375,0.6572790645055272,1,0.009593009038465466,0.009593009038465466,0.009593009038465466,0.01603817882779579
0,3,2025-05-29 10:30:00.006003-04:00,1,11,1,0.4608603634598375,0.6586057896957525,1,0.009593009038465466,0.009593009038465466,0.009593009038465466,0.025631187866261257
0,3,2025-05-29 10:30:00.006003-04:00,2,20,0,0.9017110781690638,1.1877352172440814,1,0.010951644697087187,0.010951644697087187,0.010951644697087187,0.03658283256334845
0,3,2025-05-29 10:30:00.006003-04:00,2,21,1,0.9117110781690638,1.1889389361469913,1,0.010951644697087187,0.010951644697087187,0.010951644697087187,0.04753447726043564
0,4,2025-05-29 10:30:00.006003-04:00,0,0,0,0.0,0.19341494443551788,1,0.006445169789330325,0.006445169789330325,0.006445169789330325,0.006445169789330325
0,4,2025-05-29 10:30:00.006003-04:00,1,10,0,0.4509280680086832,0.5826885848386649,1,0.007778877936345757,0.007778877936345757,0.007778877936345757,0.014224047725676082
0,4,2025-05-29 10:30:00.006003-04:00,1,11,1,0.4609280680086832,0.6068483430424092,1,0.007778877936345757,0.007778877936345757,0.007778877936345757,0.02200292566202184
0,4,2025-05-29 10:30:00.006003-04:00,2,20,0,0.9019176401298592,1.0623434390206437,1,0.010270414097955675,0.010270414097955675,0.010270414097955675,0.032273339759977517
0,4,2025-05-29 10:30:00.006003-04:00,2,21,1,0.9119176401298592,1.0643902018298868,1,0.010270414097955675,0.010270414097955675,0.010270414097955675,0.04254375385793319
0,4,2025-05-29 10:30:00.006003-04:00,2,22,2,0.9219176401298592,1.065449882418758,1,0.010270414097955675,0.010270414097955675,0.010270414097955675,0.05281416795588887
0,4,2025-05-29 10:30:00.006003-04:00,2,23,3,0.9319176401298592,1.0933781538769745,1,0.01006263828796103,0.01006263828796103,0.01006263828796103,0.0628768062438499
0,4,2025-05-29 10:30:00.006003-04:00,2,24,4,0.9419176401298592,1.0958753899419265,1,0.01006263828796103,0.01006263828796103,0.01006263828796103,0.07293944453181093
0,5,2025-05-29 10:30:00.006003-04:00,0,0,0,0.0,0.3266514198901442,1,0.006445169789330325,0.006445169789330325,0.006445169789330325,0.006445169789330325
0,5,2025-05-29 10:30:00.006003-04:00,1,10,0,0.4509920165284184,0.5635612685948953,1,0.007778877936345757,0.007778877936345757,0.007778877936345757,0.014224047725676082
0,5,2025-05-29 10:30:00.006003-04:00,1,11,1,0.4609920165284184,0.5809321924058983,1,0.007778877936345757,0.007778877936345757,0.007778877936345757,0.02200292566202184
0,5,2025-05-29 10:30:00.006003-04:00,2,20,0,0.9019847587652122,1.0848845977728663,1,0.010917384697087187,0.010917384697087187,0.010917384697087187,0.03292031035910903
0,6,2025-05-29 10:30:00.006003-04:00,1,10,0,0.4509539437520781,0.5531028998086559,1,0.008001567936345757,0.008001567936345757,0.008001567936345757,0.008001567936345757
0,6,2025-05-29 10:30:00.006003-04:00,2,20,0,0.9019469760814164,1.4062386618627611,1,0.01147890584987407,0.01147890584987407,0.01147890584987407,0.019480473786219827
0,6,2025-05-29 10:30:00.006003-04:00,2,21,1,0.9119469760814164,1.4114285350277889,1,0.01147890584987407,0.01147890584987407,0.01147890584987407,0.030959379636093895
0,6,2025-05-29 10:30:00.006003-04:00,2,22,2,0.9219469760814164,1.4117268563724343,1,0.01147890584987407,0.01147890584987407,0.01147890584987407,0.042438285485967966
0,7,2025-05-29 10:30:00.006003-04:00,1,10,0,0.4509901283324019,0.8039885292971155,1,0.010185533543299995,0.010185533543299995,0.010185533543299995,0.010185533543299995
0,7,2025-05-29 10:30:00.006003-04:00,2,20,0,0.9018998576512288,1.0308463928720881,1,0.010595884097955675,0.010595884097955675,0.010595884097955675,0.02078141764125567
0,8,2025-05-29 10:30:00.006003-04:00,1,10,0,0.4508641352295956,0.7506166266673485,1,0.010185533543299995,0.010185533543299995,0.010185533543299995,0.010185533543299995
0,8,2025-05-29 10:30:00.006003-04:00,1,11,1,0.46086413522959563,0.7563963520913347,1,0.010185533543299995,0.010185533543299995,0.010185533543299995,0.02037106708659999
0,9,2025-05-29 10:30:00.006003-04:00,0,0,0,0.0,0.19584979729504304,1,0.006445169789330325,0.006445169789330325,0.006445169789330325,0.006445169789330325
0,9,2025-05-29 10:30:00.006003-04:00,0,1,1,0.01,0.20205855532724018,1,0.006445169789330325,0.006445169789330325,0.006445169789330325,0.01289033957866065
0,9,2025-05-29 10:30:00.006003-04:00,0,2,2,0.02,0.20633905416751247,1,0.006445169789330325,0.006445169789330325,0.006445169789330325,0.019335509367990975
0,9,2025-05-29 10:30:00.006003-04:00,0,3,3,0.03,0.21313927591087067,1,0.006445169789330325,0.006445169789330325,0.006445169789330325,0.0257806791573213
0,9,2025-05-29 10:30:00.006003-04:00,1,10,0,0.45085651309287167,0.6114740091345652,1,0.007110807936345757,0.007110807936345757,0.007110807936345757,0.03289148709366706
0,9,2025-05-29 10:30:00.006003-04:00,1,11,1,0.4608565130928717,0.6172985527359188,1,0.007110807936345757,0.007110807936345757,0.007110807936345757,0.04000229503001281
0,9,2025-05-29 10:30:00.006003-04:00,2,20,0,0.9017147259926039,1.0308288084252255,1,0.009602344097955675,0.009602344097955675,0.009602344097955675,0.04960463912796849
0,9,2025-05-29 10:30:00.006003-04:00,2,21,1,0.911714725992604,1.0318302803647443,1,0.009602344097955675,0.009602344097955675,0.009602344097955675,0.059206983225924166
0,9,2025-05-29 10:30:00.006003-04:00,2,22,2,0.921714725992604,1.0526285878536996,1,0.009602344097955675,0.009602344097955675,0.009602344097955675,0.06880932732387984
1,0,2025-05-29 10:31:00.019683-04:00,0,0,0,0.0,0.5430230502262093,1,0.0004440205298157794,0.0004440205298157794,0.0004440205298157794,0.0004440205298157794
1,0,2025-05-29 10:31:00.019683-04:00,1,10,0,0.6039993409186466,1.1538382497767035,1,0.0023475305864750972,0.0023475305864750972,0.0023475305864750972,0.002791551116290877
1,0,2025-05-29 10:31:00.019683-04:00,1,11,1,0.6139993409186466,1.1547231184762718,1,0.0023475305864750972,0.0023475305864750972,0.0023475305864750972,0.005139081702765974
1,0,2025-05-29 10:31:00.019683-04:00,2,20,0,1.215707645119323,1.3325002543685198,1,0.002133835282262278,0.002133835282262278,0.002133835282262278,0.0072729169850282525
1,0,2025-05-29 10:31:00.019683-04:00,2,21,1,1.225707645119323,1.3350698279310225,1,0.002133835282262278,0.002133835282262278,0.002133835282262278,0.00940675226729053
1,1,2025-05-29 10:31:00.019683-04:00,0,0,0,0.0,0.30290016069765874,1,0.0004440205298157794,0.0004440205298157794,0.0004440205298157794,0.0004440205298157794
1,1,2025-05-29 10:31:00.019683-04:00,0,1,1,0.01,0.3203326470380666,1,0.0004440205298157794,0.0004440205298157794,0.0004440205298157794,0.0008880410596315588
1,1,2025-05-29 10:31:00.019683-04:00,1,10,0,0.45084383707027165,0.5649583039886802,1,0.0004440205298157794,0.0004440205298157794,0.0004440205298157794,0.0013320615894473382
1,1,2025-05-29 10:31:00.019683-04:00,1,11,1,0.46084383707027166,0.5951703002751558,1,0.0004440205298157794,0.0004440205298157794,0.0004440205298157794,0.0017760821192631176
1,1,2025-05-29 10:31:00.019683-04:00,1,12,2,0.47084383707027166,0.6014595752062132,1,0.0004440205298157794,0.0004440205298157794,0.0004440205298157794,0.0022201026490788972
1,1,2025-05-29 10:31:00.019683-04:00,2,20,0,0.9017235223305252,1.0463825860236788,1,0.00027408,0.00027408,0.00027408,0.002494182649078897
1,2,2025-05-29 10:31:00.019683-04:00,0,0,0,0.0,0.2501352494387996,1,0.0004440205298157794,0.0004440205298157794,0.0004440205298157794,0.0004440205298157794
1,2,2025-05-29 10:31:00.019683-04:00,0,1,1,0.01,0.2582545990525064,1,0.0004440205298157794,0.0004440205298157794,0.0004440205298157794,0.0008880410596315588
1,2,2025-05-29 10:31:00.019683-04:00,0,2,2,0.02,0.2608978955484318,1,0.0004440205298157794,0.0004440205298157794,0.0004440205298157794,0.0013320615894473382
1,2,2025-05-29 10:31:00.019683-04:00,1,10,0,0.45089012593659544,0.8296985833529646,1,0.0004440205298157794,0.0004440205298157794,0.0004440205298157794,0.0017760821192631176
1,2,2025-05-29 10:31:00.019683-04:00,1,11,1,0.46089012593659545,0.8303522634456566,1,0.0004440205298157794,0.0004440205298157794,0.0004440205298157794,0.0022201026490788972
1,2,2025-05-29 10:31:00.019683-04:00,2,20,0,0.9015847160455813,1.0938885194564334,1,0.0017670452653954808,0.0017670452653954808,0.0017670452653954808,0.003987147914474378
1,2,2025-05-29 10:31:00.019683-04:00,2,21,1,0.9115847160455813,1.095402692108217,1,0.0017670452653954808,0.0017670452653954808,0.0017670452653954808,0.005754193179869859
1,2,2025-05-29 10:31:00.019683-04:00,2,22,2,0.9215847160455813,1.1073206507198041,1,0.0017670452653954808,0.0017670452653954808,0.0017670452653954808,0.00752123844526534
1,3,2025-05-29 10:31:00.019683-04:00,0,0,0,0.0,0.158587931129599,1,0.0004440205298157794,0.0004440205298157794,0.0004440205298157794,0.0004440205298157794
1,3,2025-05-29 10:31:00.019683-04:00,0,1,1,0.01,0.16575150203154504,1,0.0004440205298157794,0.0004440205298157794,0.0004440205298157794,0.0008880410596315588
1,3,2025-05-29 10:31:00.019683-04:00,1,10,0,0.45087195134881486,0.6312886683314797,1,0.0004440205298157794,0.0004440205298157794,0.0004440205298157794,0.0013320615894473382
1,3,2025-05-29 10:31:00.019683-04:00,1,11,1,0.46087195134881487,0.6469848018979886,1,0.0004440205298157794,0.0004440205298157794,0.0004440205298157794,0.0017760821192631176
1,3,2025-05-29 10:31:00.019683-04:00,1,12,2,0.4708719513488149,0.6539541477331896,1,0.0004440205298157794,0.0004440205298157794,0.0004440205298157794,0.0022201026490788972
1,3,2025-05-29 10:31:00.019683-04:00,2,20,0,0.9018543598421883,1.0359202467986017,1,0.00027408,0.00027408,0.00027408,0.002494182649078897
1,3,2025-05-29 10:31:00.019683-04:00,2,21,1,0.9118543598421883,1.0401758260293703,1,0.00027408,0.00027408,0.00027408,0.002768262649078897
1,4,2025-05-29 10:31:00.019683-04:00,2,20,0,0.9018452560489503,1.0394400473280159,1,0.00027408,0.00027408,0.00027408,0.00027408
1,5,2025-05-29 10:31:00.019683-04:00,0,0,0,0.0,0.2036133015001706,1,0.0004440205298157794,0.0004440205298157794,0.0004440205298157794,0.0004440205298157794
1,5,2025-05-29 10:31:00.019683-04:00,0,1,1,0.01,0.21554088626458498,1,0.0004440205298157794,0.0004440205298157794,0.0004440205298157794,0.0008880410596315588
1,5,2025-05-29 10:31:00.019683-04:00,1,10,0,0.4509529908682803,0.6258042513185562,1,0.0004440205298157794,0.0004440205298157794,0.0004440205298157794,0.0013320615894473382
1,5,2025-05-29 10:31:00.019683-04:00,1,11,1,0.4609529908682803,0.6382817478640048,1,0.0004440205298157794,0.0004440205298157794,0.0004440205298157794,0.0017760821192631176
1,6,2025-05-29 10:31:00.019683-04:00,1,10,0,0.4509495635192186,0.8313557879081024,1,0.0004440205298157794,0.0004440205298157794,0.0004440205298157794,0.0004440205298157794
1,6,2025-05-29 10:31:00.019683-04:00,1,11,1,0.4609495635192186,0.8389727668415438,1,0.0004440205298157794,0.0004440205298157794,0.0004440205298157794,0.0008880410596315588
1,6,2025-05-29 10:31:00.019683-04:00,2,20,0,0.9017610616608946,1.0123545752924368,1,0.00027408,0.00027408,0.00027408,0.0011621210596315587
1,6,2025-05-29 10:31:00.019683-04:00,2,21,1,0.9117610616608947,1.0357810540524037,1,0.00027408,0.00027408,0.00027408,0.0014362010596315586
1,6,2025-05-29 10:31:00.019683-04:00,2,22,2,0.9217610616608947,1.0615974392509477,1,0.0011310294742956908,0.0011310294742956908,0.0011310294742956908,0.0025672305339272494
1,7,2025-05-29 10:31:00.019683-04:00,0,0,0,0.0,0.2598149823651935,1,0.0004440205298157794,0.0004440205298157794,0.0004440205298157794,0.0004440205298157794
1,7,2025-05-29 10:31:00.019683-04:00,1,10,0,0.4509965056103379,0.7027959305322924,1,0.0004440205298157794,0.0004440205298157794,0.0004440205298157794,0.0008880410596315588
1,7,2025-05-29 10:31:00.019683-04:00,1,11,1,0.4609965056103379,0.7152394584651273,1,0.0004440205298157794,0.0004440205298157794,0.0004440205298157794,0.0013320615894473382
1,7,2025-05-29 10:31:00.019683-04:00,1,12,2,0.4709965056103379,0.7558265581105962,1,0.0004440205298157794,0.0004440205298157794,0.0004440205298157794,0.0017760821192631176
1,7,2025-05-29 10:31:00.019683-04:00,1,13,3,0.4809965056103379,0.7563308336240209,1,0.0004440205298157794,0.0004440205298157794,0.0004440205298157794,0.0022201026490788972
1,7,2025-05-29 10:31:00.019683-04:00,2,20,0,0.9019428072640564,1.0378783918023573,1,0.00027408,0.00027408,0.00027408,0.002494182649078897
1,8,2025-05-29 10:31:00.019683-04:00,0,0,0,0.0,0.15669213717048275,1,0.0004440205298157794,0.0004440205298157794,0.0004440205298157794,0.0004440205298157794
1,8,2025-05-29 10:31:00.019683-04:00,0,1,1,0.01,0.19384943662036455,1,0.0004440205298157794,0.0004440205298157794,0.0004440205298157794,0.0008880410596315588
1,8,2025-05-29 10:31:00.019683-04:00,2,20,0,0.9017728727548665,1.0417428842433258,1,0.00027408,0.00027408,0.00027408,0.0011621210596315587
1,9,2025-05-29 10:31:00.019683-04:00,1,10,0,0.45094518176186543,0.7711527015713949,1,0.0004440205298157794,0.0004440205298157794,0.0004440205298157794,0.0004440205298157794
1,9,2025-05-29 10:31:00.019683-04:00,1,11,1,0.46094518176186544,0.7750977321289402,1,0.0004440205298157794,0.0004440205298157794,0.0004440205298157794,0.0008880410596315588
1,9,2025-05-29 10:31:00.019683-04:00,2,20,0,0.9019120227763434,1.1168232903283117,1,0.0017670452653954808,0.0017670452653954808,0.0017670452653954808,0.0026550863250270396
1,9,2025-05-29 10:31:00.019683-04:00,2,21,1,0.9119120227763434,1.1397503228397965,1,0.001934625527827588,0.001934625527827588,0.001934625527827588,0.004589711852854628
1,9,2025-05-29 10:31:00.019683-04:00,2,22,2,0.9219120227763434,1.1409096286519973,1,0.001934625527827588,0.001934625527827588,0.001934625527827588,0.006524337380682216
2,0,2025-05-29 10:32:00.032150-04:00,1,10,0,0.4508900700915631,0.6344693595146319,1,0.0011163370151829196,0.0011163370151829196,0.0011163370151829196,0.0011163370151829196
2,0,2025-05-29 10:32:00.032150-04:00,2,20,0,0.9018407064686965,1.0798424449555046,1,0.00473862133368894,0.00473862133368894,0.00473862133368894,0.00585495834887186
2,1,2025-05-29 10:32:00.032150-04:00,0,0,0,0.0,0.12573050320137963,1,2.047375174175636e-05,2.047375174175636e-05,2.047375174175636e-05,2.047375174175636e-05
2,1,2025-05-29 10:32:00.032150-04:00,0,1,1,0.01,0.1471255766868133,1,0.00024194165996992934,0.00024194165996992934,0.00024194165996992934,0.0002624154117116857
2,1,2025-05-29 10:32:00.032150-04:00,1,10,0,0.4509227810986844,0.7440940433217985,1,0.0017164977064265806,0.0017164977064265806,0.0017164977064265806,0.001978913118138266
2,1,2025-05-29 10:32:00.032150-04:00,2,20,0,0.9016606045165594,1.0350981184042418,1,0.002117358792116061,0.002117358792116061,0.002117358792116061,0.004096271910254327
2,1,2025-05-29 10:32:00.032150-04:00,2,21,1,0.9116606045165594,1.0746368244040336,1,0.004281889200320047,0.004281889200320047,0.004281889200320047,0.008378161110574375
2,2,2025-05-29 10:32:00.032150-04:00,0,0,0,0.0,0.17797643282204656,1,0.00026692073329992146,0.00026692073329992146,0.00026692073329992146,0.00026692073329992146
2,2,2025-05-29 10:32:00.032150-04:00,0,1,1,0.01,0.18500652309951154,1,0.00026692073329992146,0.00026692073329992146,0.00026692073329992146,0.0005338414665998429
2,2,2025-05-29 10:32:00.032150-04:00,0,2,2,0.02,0.2121252682472661,1,0.00026692073329992146,0.00026692073329992146,0.00026692073329992146,0.0008007621998997644
2,2,2025-05-29 10:32:00.032150-04:00,1,10,0,0.45095516649220924,0.9502757033733443,1,0.001866997309425313,0.001866997309425313,0.001866997309425313,0.0026677595093250774
2,2,2025-05-29 10:32:00.032150-04:00,2,20,0,1.011232461505695,1.2111758357259619,1,0.004877838779869135,0.004877838779869135,0.004877838779869135,0.0075455982891942126
2,2,2025-05-29 10:32:00.032150-04:00,2,21,1,1.021232461505695,1.2254637634264356,1,0.004877838779869135,0.004877838779869135,0.004877838779869135,0.012423437069063348
2,3,2025-05-29 10:32:00.032150-04:00,0,0,0,0.0,0.10514610434322395,1,2.047375174175636e-05,2.047375174175636e-05,2.047375174175636e-05,2.047375174175636e-05
2,3,2025-05-29 10:32:00.032150-04:00,0,1,1,0.01,0.12080927564092259,1,2.047375174175636e-05,2.047375174175636e-05,2.047375174175636e-05,4.094750348351272e-05
2,4,2025-05-29 10:32:00.032150-04:00,0,0,0,0.0,0.12732425170411626,1,2.047375174175636e-05,2.047375174175636e-05,2.047375174175636e-05,2.047375174175636e-05
2,4,2025-05-29 10:32:00.032150-04:00,0,1,1,0.01,0.12869876245953923,1,0.00024194165996992934,0.00024194165996992934,0.00024194165996992934,0.0002624154117116857
2,4,2025-05-29 10:32:00.032150-04:00,0,2,2,0.02,0.13195701525693154,1,0.00024194165996992934,0.00024194165996992934,0.00024194165996992934,0.000504357071681615
2,4,2025-05-29 10:32:00.032150-04:00,1,10,0,0.45088669496500294,0.5946598359439009,1,0.0008422570151829196,0.0008422570151829196,0.0008422570151829196,0.0013466140868645345
2,5,2025-05-29 10:32:00.032150-04:00,1,10,0,0.4508680997597793,0.5728910267612703,1,0.0011163370151829196,0.0011163370151829196,0.0011163370151829196,0.0011163370151829196
2,5,2025-05-29 10:32:00.032150-04:00,1,11,1,0.4608680997597793,0.5772075987025771,1,0.0011163370151829196,0.0011163370151829196,0.0011163370151829196,0.002232674030365839
2,6,2025-05-29 10:32:00.032150-04:00,0,0,0,0.0,0.1293668199021165,1,0.00026692073329992146,0.00026692073329992146,0.00026692073329992146,0.00026692073329992146
2,6,2025-05-29 10:32:00.032150-04:00,1,10,0,0.45088501438843365,0.9354778325858888,1,0.002038297309425313,0.002038297309425313,0.002038297309425313,0.0023052180427252347
2,6,2025-05-29 10:32:00.032150-04:00,1,11,1,0.46088501438843366,0.9415177674303695,1,0.002038297309425313,0.002038297309425313,0.002038297309425313,0.0043435153521505475
2,6,2025-05-29 10:32:00.032150-04:00,2,20,0,1.002298329331575,1.121456193737824,1,0.004847300343234861,0.004847300343234861,0.004847300343234861,0.009190815695385409
2,6,2025-05-29 10:32:00.032150-04:00,2,21,1,1.012298329331575,1.1343875437398647,1,0.004929195988465237,0.004929195988465237,0.004929195988465237,0.014120011683850645
2,7,2025-05-29 10:32:00.032150-04:00,0,0,0,0.0,0.2103126768007046,1,0.00026692073329992146,0.00026692073329992146,0.00026692073329992146,0.00026692073329992146
2,7,2025-05-29 10:32:00.032150-04:00,1,10,0,0.45091810069185906,0.6509134050478692,1,0.0018192777064265806,0.0018192777064265806,0.0018192777064265806,0.0020861984397265022
2,7,2025-05-29 10:32:00.032150-04:00,2,20,0,0.9018750590768423,1.1079131681690941,1,0.0053319253030414855,0.0053319253030414855,0.0053319253030414855,0.007418123742767988
2,7,2025-05-29 10:32:00.032150-04:00,2,21,1,0.9118750590768423,1.124462076398685,1,0.005448612308911375,0.005448612308911375,0.005448612308911375,0.012866736051679362
2,7,2025-05-29 10:32:00.032150-04:00,2,22,2,0.9218750590768423,1.1378619307821214,1,0.005508280878635766,0.005508280878635766,0.005508280878635766,0.018375016930315128
2,8,2025-05-29 10:32:00.032150-04:00,0,0,0,0.0,0.6776714098275267,1,0.002213267706426581,0.002213267706426581,0.002213267706426581,0.002213267706426581
2,8,2025-05-29 10:32:00.032150-04:00,1,10,0,0.7385840400741333,0.8918564486376014,1,0.0023620715784827815,0.0023620715784827815,0.0023620715784827815,0.004575339284909363
2,8,2025-05-29 10:32:00.032150-04:00,1,11,1,0.7485840400741333,0.9058316746096564,1,0.0023620715784827815,0.0023620715784827815,0.0023620715784827815,0.006937410863392144
2,8,2025-05-29 10:32:00.032150-04:00,1,12,2,0.7585840400741333,0.9344717551159176,1,0.0023620715784827815,0.0023620715784827815,0.0023620715784827815,0.009299482441874925
2,8,2025-05-29 10:32:00.032150-04:00,2,20,0,1.1893533145325914,1.3757950341353218,1,0.00404268,0.00404268,0.00404268,0.013342162441874925
2,8,2025-05-29 10:32:00.032150-04:00,2,21,1,1.1993533145325914,1.4204511504983128,1,0.00404268,0.00404268,0.00404268,0.017384842441874923
2,8,2025-05-29 10:32:00.032150-04:00,2,22,2,1.2093533145325914,1.4245760364393347,1,0.00404268,0.00404268,0.00404268,0.021427522441874923
2,9,2025-05-29 10:32:00.032150-04:00,0,0,0,0.0,0.14175688193512498,1,0.00026692073329992146,0.00026692073329992146,0.00026692073329992146,0.00026692073329992146
3,0,2025-05-29 10:33:00.066354-04:00,0,0,0,0.0,0.2370072306584508,1,0.001056370335410855,0.001056370335410855,0.001056370335410855,0.001056370335410855
3,0,2025-05-29 10:33:00.066354-04:00,1,10,0,0.4508543931924903,0.5734386064717427,1,0.0014135006108194604,0.0014135006108194604,0.0014135006108194604,0.0024698709462303153
3,0,2025-05-29 10:33:00.066354-04:00,2,20,0,0.901732834957456,1.12534396830533,1,0.0023846083190905004,0.0023846083190905004,0.0023846083190905004,0.004854479265320816
3,1,2025-05-29 10:33:00.066354-04:00,0,0,0,0.0,0.21202789604595584,1,0.001056370335410855,0.001056370335410855,0.001056370335410855,0.001056370335410855
3,1,2025-05-29 10:33:00.066354-04:00,0,1,1,0.01,0.2303148342827417,1,0.001056370335410855,0.001056370335410855,0.001056370335410855,0.00211274067082171
3,1,2025-05-29 10:33:00.066354-04:00,0,2,2,0.02,0.2358999955902192,1,0.001056370335410855,0.001056370335410855,0.001056370335410855,0.003169111006232565
3,1,2025-05-29 10:33:00.066354-04:00,1,10,0,0.45086903947736606,0.5555914162413955,1,0.0012668826973040248,0.0012668826973040248,0.0012668826973040248,0.004435993703536589
3,2,2025-05-29 10:33:00.066354-04:00,2,20,0,0.9019549900928454,1.191020146383556,1,0.0024873883190905,0.0024873883190905,0.0024873883190905,0.0024873883190905
3,3,2025-05-29 10:33:00.066354-04:00,1,10,0,0.4509237056236304,0.5594613840510719,1,0.0014868095675771781,0.0014868095675771781,0.0014868095675771781,0.0014868095675771781
3,3,2025-05-29 10:33:00.066354-04:00,1,11,1,0.4609237056236304,0.5605574433119745,1,0.0014868095675771781,0.0014868095675771781,0.0014868095675771781,0.0029736191351543563
3,3,2025-05-29 10:33:00.066354-04:00,1,12,2,0.4709237056236304,0.5862063676817869,1,0.0014868095675771781,0.0014868095675771781,0.0014868095675771781,0.004460428702731534
3,3,2025-05-29 10:33:00.066354-04:00,2,20,0,0.9014140049235803,1.0613666825504409,1,0.0022818283190905,0.0022818283190905,0.0022818283190905,0.006742257021822034
3,3,2025-05-29 10:33:00.066354-04:00,2,21,1,0.9114140049235803,1.062363019553766,1,0.0022818283190905,0.0022818283190905,0.0022818283190905,0.009024085340912535
3,4,2025-05-29 10:33:00.066354-04:00,2,20,0,0.9018461949693061,1.0705607096166914,1,0.0024873883190905,0.0024873883190905,0.0024873883190905,0.0024873883190905
3,4,2025-05-29 10:33:00.066354-04:00,2,21,1,0.9118461949693061,1.0760367957729275,1,0.0024873883190905,0.0024873883190905,0.0024873883190905,0.004974776638181
3,5,2025-05-29 10:33:00.066354-04:00,0,0,0,0.0,0.19070139936217123,1,0.001056370335410855,0.001056370335410855,0.001056370335410855,0.001056370335410855
3,5,2025-05-29 10:33:00.066354-04:00,0,1,1,0.01,0.1943020048067433,1,0.001056370335410855,0.001056370335410855,0.001056370335410855,0.00211274067082171
3,5,2025-05-29 10:33:00.066354-04:00,1,10,0,0.45094372013697487,0.9023338041413254,1,0.002686713217506128,0.002686713217506128,0.002686713217506128,0.004799453888327838
3,5,2025-05-29 10:33:00.066354-04:00,1,11,1,0.4609437201369749,0.911440378945642,1,0.002686713217506128,0.002686713217506128,0.002686713217506128,0.007486167105833966
3,5,2025-05-29 10:33:00.066354-04:00,2,20,0,0.9723397567235395,1.5870203894502652,1,0.0020556,0.0020556,0.0020556,0.009541767105833966
3,6,2025-05-29 10:33:00.066354-04:00,0,0,0,0.0,0.13120418393696498,1,0.0007568300671354218,0.0007568300671354218,0.0007568300671354218,0.0007568300671354218
3,6,2025-05-29 10:33:00.066354-04:00,0,1,1,0.01,0.1328530475704364,1,0.0007568300671354218,0.0007568300671354218,0.0007568300671354218,0.0015136601342708436
3,6,2025-05-29 10:33:00.066354-04:00,0,2,2,0.02,0.14465683233871984,1,0.0007568300671354218,0.0007568300671354218,0.0007568300671354218,0.0022704902014062654
3,6,2025-05-29 10:33:00.066354-04:00,2,20,0,0.901913749752241,1.047096846573097,1,0.0023332183190905003,0.0023332183190905003,0.0023332183190905003,0.004603708520496765
3,7,2025-05-29 10:33:00.066354-04:00,0,0,0,0.0,0.14979390226810985,1,0.0007568300671354218,0.0007568300671354218,0.0007568300671354218,0.0007568300671354218
3,7,2025-05-29 10:33:00.066354-04:00,1,10,0,0.4508955229084524,0.5687091636288764,1,0.0013963706108194604,0.0013963706108194604,0.0013963706108194604,0.0021532006779548824
3,7,2025-05-29 10:33:00.066354-04:00,1,11,1,0.4608955229084524,0.5742061050222012,1,0.0013963706108194604,0.0013963706108194604,0.0013963706108194604,0.0035495712887743426
3,7,2025-05-29 10:33:00.066354-04:00,1,12,2,0.47089552290845244,0.5965124151044262,1,0.0013963706108194604,0.0013963706108194604,0.0013963706108194604,0.004945941899593803
3,7,2025-05-29 10:33:00.066354-04:00,2,20,0,0.9016139963360107,1.158677489796175,1,0.0022304383190905,0.0022304383190905,0.0022304383190905,0.007176380218684303
3,7,2025-05-29 10:33:00.066354-04:00,2,21,1,0.9116139963360107,1.1823362986117376,1,0.0022304383190905,0.0022304383190905,0.0022304383190905,0.009406818537774803
3,8,2025-05-29 10:33:00.066354-04:00,1,10,0,0.4509494508449312,0.6297369601125709,1,0.0019107608750907102,0.0019107608750907102,0.0019107608750907102,0.0019107608750907102
3,8,2025-05-29 10:33:00.066354-04:00,1,11,1,0.4609494508449312,0.6381755807253563,1,0.0019107608750907102,0.0019107608750907102,0.0019107608750907102,0.0038215217501814205
3,8,2025-05-29 10:33:00.066354-04:00,1,12,2,0.47094945084493123,0.6416433404475086,1,0.0019107608750907102,0.0019107608750907102,0.0019107608750907102,0.005732282625272131
3,9,2025-05-29 10:33:00.066354-04:00,0,0,0,0.0,0.42310603943089886,1,0.0014868095675771781,0.0014868095675771781,0.0014868095675771781,0.0014868095675771781
3,9,2025-05-29 10:33:00.066354-04:00,1,10,0,0.4840962862173167,0.6293991940895849,1,0.0019107608750907102,0.0019107608750907102,0.0019107608750907102,0.0033975704426678884
3,9,2025-05-29 10:33:00.066354-04:00,2,20,0,0.9350537500313565,1.2751611977190445,1,0.0024271404680517145,0.0024271404680517145,0.0024271404680517145,0.0058247109107196025
3,9,2025-05-29 10:33:00.066354-04:00,2,21,1,0.9450537500313565,1.275318471546425,1,0.0024271404680517145,0.0024271404680517145,0.0024271404680517145,0.008251851378771317
4,0,2025-05-29 10:34:00.013360-04:00,0,0,0,0.0,0.4603756060567199,1,0.004731375362080666,0.004731375362080666,0.004731375362080666,0.004731375362080666
4,0,2025-05-29 10:34:00.013360-04:00,1,10,0,0.5212390435961052,0.8906548716141232,1,0.006670045953620469,0.006670045953620469,0.006670045953620469,0.011401421315701135
4,0,2025-05-29 10:34:00.013360-04:00,1,11,1,0.5312390435961052,0.8942554874561373,1,0.006670045953620469,0.006670045953620469,0.006670045953620469,0.018071467269321604
4,1,2025-05-29 10:34:00.013360-04:00,0,0,0,0.0,0.2266323210767262,1,0.002110100070349218,0.002110100070349218,0.002110100070349218,0.002110100070349218
4,1,2025-05-29 10:34:00.013360-04:00,0,1,1,0.01,0.2448511359592918,1,0.00301632220956611,0.00301632220956611,0.00301632220956611,0.005126422279915327
4,1,2025-05-29 10:34:00.013360-04:00,1,10,0,0.4509575598138622,0.5840847702643563,1,0.004255946815769934,0.004255946815769934,0.004255946815769934,0.009382369095685262
4,1,2025-05-29 10:34:00.013360-04:00,1,11,1,0.4609575598138622,0.6003882505714487,1,0.004255946815769934,0.004255946815769934,0.004255946815769934,0.013638315911455196
4,1,2025-05-29 10:34:00.013360-04:00,2,20,0,0.9019196314570411,1.229665243027478,1,0.006484484007558716,0.006484484007558716,0.006484484007558716,0.02012279991901391
4,2,2025-05-29 10:34:00.013360-04:00,0,0,0,0.0,0.30247589554387827,1,0.0034072881767154687,0.0034072881767154687,0.0034072881767154687,0.0034072881767154687
4,2,2025-05-29 10:34:00.013360-04:00,0,1,1,0.01,0.3040327928123228,1,0.0034072881767154687,0.0034072881767154687,0.0034072881767154687,0.0068145763534309374
4,2,2025-05-29 10:34:00.013360-04:00,1,10,0,0.45098484770938163,0.7503010398828784,1,0.006622674619553298,0.006622674619553298,0.006622674619553298,0.013437250972984236
4,2,2025-05-29 10:34:00.013360-04:00,1,11,1,0.46098484770938164,0.7640664889930865,1,0.006622674619553298,0.006622674619553298,0.006622674619553298,0.020059925592537532
4,2,2025-05-29 10:34:00.013360-04:00,2,20,0,0.9018253999758367,1.0191223217220557,1,0.00481353,0.00481353,0.00481353,0.024873455592537532
4,3,2025-05-29 10:34:00.013360-04:00,0,0,0,0.0,0.1067861967538366,1,0.000682366322546389,0.000682366322546389,0.000682366322546389,0.000682366322546389
4,3,2025-05-29 10:34:00.013360-04:00,0,1,1,0.01,0.1148366229358061,1,0.000682366322546389,0.000682366322546389,0.000682366322546389,0.001364732645092778
4,3,2025-05-29 10:34:00.013360-04:00,0,2,2,0.02,0.11954331945347847,1,0.000682366322546389,0.000682366322546389,0.000682366322546389,0.002047098967639167
4,3,2025-05-29 10:34:00.013360-04:00,1,10,0,0.4508324268405787,0.7401059858883321,1,0.005937474619553298,0.005937474619553298,0.005937474619553298,0.007984573587192465
4,4,2025-05-29 10:34:00.013360-04:00,0,0,0,0.0,0.11821289737239066,1,0.000682366322546389,0.000682366322546389,0.000682366322546389,0.000682366322546389
4,4,2025-05-29 10:34:00.013360-04:00,1,10,0,0.4509465483653843,0.7536688287914854,1,0.006537024619553298,0.006537024619553298,0.006537024619553298,0.007219390942099687
4,4,2025-05-29 10:34:00.013360-04:00,1,11,1,0.4609465483653843,0.7760853924623269,1,0.006537024619553298,0.006537024619553298,0.006537024619553298,0.013756415561652986
4,4,2025-05-29 10:34:00.013360-04:00,1,12,2,0.4709465483653843,0.7807722920721951,1,0.006537024619553298,0.006537024619553298,0.006537024619553298,0.020293440181206282
4,4,2025-05-29 10:34:00.013360-04:00,2,20,0,0.9019224173309333,1.0065883665183593,1,0.00472788,0.00472788,0.00472788,0.025021320181206282
4,5,2025-05-29 10:34:00.013360-04:00,1,10,0,0.45094328723846716,0.6610568235764078,1,0.006597722230283976,0.006597722230283976,0.006597722230283976,0.006597722230283976
4,5,2025-05-29 10:34:00.013360-04:00,1,11,1,0.46094328723846717,0.662801030932088,1,0.006613060157597969,0.006613060157597969,0.006613060157597969,0.013210782387881946
4,5,2025-05-29 10:34:00.013360-04:00,1,12,2,0.4709432872384672,0.6694413177173296,1,0.006613060157597969,0.006613060157597969,0.006613060157597969,0.019823842545479916
4,5,2025-05-29 10:34:00.013360-04:00,2,20,0,0.9018631382614143,1.228083863959732,1,0.006981254007558717,0.006981254007558717,0.006981254007558717,0.026805096553038633
4,6,2025-05-29 10:34:00.013360-04:00,0,0,0,0.0,0.12086388039576412,1,0.000682366322546389,0.000682366322546389,0.000682366322546389,0.000682366322546389
4,6,2025-05-29 10:34:00.013360-04:00,0,1,1,0.01,0.14416607831724518,1,0.001722345317010088,0.001722345317010088,0.001722345317010088,0.002404711639556477
4,6,2025-05-29 10:34:00.013360-04:00,1,10,0,0.4509829012415444,0.6391595798742392,1,0.005327213881111437,0.005327213881111437,0.005327213881111437,0.007731925520667914
4,6,2025-05-29 10:34:00.013360-04:00,1,11,1,0.4609829012415444,0.6539534150549133,1,0.005907116007255579,0.005907116007255579,0.005907116007255579,0.013639041527923494
4,6,2025-05-29 10:34:00.013360-04:00,1,12,2,0.4709829012415444,0.6544709931244406,1,0.005907116007255579,0.005907116007255579,0.005907116007255579,0.019546157535179073
4,6,2025-05-29 10:34:00.013360-04:00,1,13,3,0.4809829012415444,0.654614868585845,1,0.005907116007255579,0.005907116007255579,0.005907116007255579,0.02545327354243465
4,7,2025-05-29 10:34:00.013360-04:00,0,0,0,0.0,0.1250561507003602,1,0.0018547136855667642,0.0018547136855667642,0.0018547136855667642,0.0018547136855667642
4,7,2025-05-29 10:34:00.013360-04:00,1,10,0,0.4509326238369561,0.6054929308582473,1,0.004392986815769934,0.004392986815769934,0.004392986815769934,0.006247700501336698
4,8,2025-05-29 10:34:00.013360-04:00,0,0,0,0.0,0.28713248298536787,1,0.0034072881767154687,0.0034072881767154687,0.0034072881767154687,0.0034072881767154687
4,8,2025-05-29 10:34:00.013360-04:00,0,1,1,0.01,0.3034637294225741,1,0.0034072881767154687,0.0034072881767154687,0.0034072881767154687,0.0068145763534309374
4,8,2025-05-29 10:34:00.013360-04:00,1,10,0,0.45099759918088345,1.16731999487008,1,0.0069983840075587165,0.0069983840075587165,0.0069983840075587165,0.013812960360989654
4,8,2025-05-29 10:34:00.013360-04:00,2,20,0,1.2282289352359164,1.4906554231388551,1,0.008006360879256108,0.008006360879256108,0.008006360879256108,0.021819321240245763
4,8,2025-05-29 10:34:00.013360-04:00,2,21,1,1.2382289352359164,1.4961401337676319,1,0.008006360879256108,0.008006360879256108,0.008006360879256108,0.029825682119501873
4,8,2025-05-29 10:34:00.013360-04:00,2,22,2,1.2482289352359164,1.4989068931547196,1,0.008006360879256108,0.008006360879256108,0.008006360879256108,0.03783204299875798
4,9,2025-05-29 10:34:00.013360-04:00,0,0,0,0.0,0.21237024207495664,1,0.002110100070349218,0.002110100070349218,0.002110100070349218,0.002110100070349218
4,9,2025-05-29 10:34:00.013360-04:00,1,10,0,0.4507244849518368,0.5886945684772589,1,0.004341596815769934,0.004341596815769934,0.004341596815769934,0.006451696886119152
4,9,2025-05-29 10:34:00.013360-04:00,1,11,1,0.4607244849518368,0.5915455906367415,1,0.004341596815769934,0.004341596815769934,0.004341596815769934,0.010793293701889086
4,9,2025-05-29 10:34:00.013360-04:00,1,12,2,0.47072448495183683,0.5923347433059059,1,0.004341596815769934,0.004341596815769934,0.004341596815769934,0.01513489051765902
4,9,2025-05-29 10:34:00.013360-04:00,1,13,3,0.48072448495183684,0.5977330658684344,1,0.004341596815769934,0.004341596815769934,0.004341596815769934,0.019476487333428952
4,9,2025-05-29 10:34:00.013360-04:00,2,20,0,0.9015035831232201,1.2279845774404794,1,0.006364574007558716,0.006364574007558716,0.006364574007558716,0.025841061340987667
5,0,2025-05-29 10:35:00.009384-04:00,0,0,0,0.0,0.20406556420435634,1,0.0007458559129430652,0.0007458559129430652,0.0007458559129430652,0.0007458559129430652
5,0,2025-05-29 10:35:00.009384-04:00,0,1,1,0.01,0.2240778247057227,1,0.0009382414451723589,0.0009382414451723589,0.0009382414451723589,0.001684097358115424
5,0,2025-05-29 10:35:00.009384-04:00,0,2,2,0.02,0.24901147248085626,1,0.0009382414451723589,0.0009382414451723589,0.0009382414451723589,0.0026223388032877827
5,0,2025-05-29 10:35:00.009384-04:00,2,20,0,0.9019513671969099,1.3140135264552737,1,0.0030934286658613587,0.0030934286658613587,0.0030934286658613587,0.0057157674691491415
5,1,2025-05-29 10:35:00.009384-04:00,0,0,0,0.0,0.1648496247497463,1,0.0007458559129430652,0.0007458559129430652,0.0007458559129430652,0.0007458559129430652
5,1,2025-05-29 10:35:00.009384-04:00,1,10,0,0.4509823407193928,0.6100700172603408,1,0.0017187703144009847,0.0017187703144009847,0.0017187703144009847,0.00246462622734405
5,1,2025-05-29 10:35:00.009384-04:00,1,11,1,0.4609823407193928,0.6207548113035595,1,0.0017187703144009847,0.0017187703144009847,0.0017187703144009847,0.004183396541745035
5,1,2025-05-29 10:35:00.009384-04:00,2,20,0,0.9019582466604126,1.2053812412318246,1,0.0030591686658613584,0.0030591686658613584,0.0030591686658613584,0.007242565207606393
5,2,2025-05-29 10:35:00.009384-04:00,0,0,0,0.0,0.1776207670085655,1,0.0007458559129430652,0.0007458559129430652,0.0007458559129430652,0.0007458559129430652
5,2,2025-05-29 10:35:00.009384-04:00,1,10,0,0.4509927136270196,0.7685702023673968,1,0.002135601709622889,0.002135601709622889,0.002135601709622889,0.002881457622565954
5,2,2025-05-29 10:35:00.009384-04:00,2,20,0,0.9019383864713939,1.0399258940235074,1,0.002265070444466479,0.002265070444466479,0.002265070444466479,0.005146528067032433
5,3,2025-05-29 10:35:00.009384-04:00,0,0,0,0.0,0.1261858290616004,1,0.0007458559129430652,0.0007458559129430652,0.0007458559129430652,0.0007458559129430652
5,3,2025-05-29 10:35:00.009384-04:00,1,10,0,0.4506728249506897,1.2114011385779475,1,0.0031619486658613586,0.0031619486658613586,0.0031619486658613586,0.003907804578804424
5,3,2025-05-29 10:35:00.009384-04:00,1,11,1,0.46067282495068973,1.2255559106234413,1,0.0031619486658613586,0.0031619486658613586,0.0031619486658613586,0.007069753244665782
5,3,2025-05-29 10:35:00.009384-04:00,2,20,0,1.2864100454044742,1.448361695872618,1,0.0031619486658613586,0.0031619486658613586,0.0031619486658613586,0.01023170191052714
5,3,2025-05-29 10:35:00.009384-04:00,2,21,1,1.2964100454044742,1.452474098026762,1,0.0031619486658613586,0.0031619486658613586,0.0031619486658613586,0.0133936505763885
5,4,2025-05-29 10:35:00.009384-04:00,0,0,0,0.0,0.1402533351198546,1,0.0007458559129430652,0.0007458559129430652,0.0007458559129430652,0.0007458559129430652
5,4,2025-05-29 10:35:00.009384-04:00,2,20,0,0.9017358210802108,1.0840956982193755,1,0.002744650501295352,0.002744650501295352,0.002744650501295352,0.003490506414238417
5,5,2025-05-29 10:35:00.009384-04:00,0,0,0,0.0,0.35469716550560615,1,0.0014159273366658677,0.0014159273366658677,0.0014159273366658677,0.0014159273366658677
5,5,2025-05-29 10:35:00.009384-04:00,0,1,1,0.01,0.36180878100728786,1,0.0014159273366658677,0.0014159273366658677,0.0014159273366658677,0.0028318546733317354
5,5,2025-05-29 10:35:00.009384-04:00,1,10,0,0.45083550446785775,0.55201868947854,1,0.00106206,0.00106206,0.00106206,0.0038939146733317355
5,5,2025-05-29 10:35:00.009384-04:00,1,11,1,0.46083550446785776,0.5555364770432939,1,0.00106206,0.00106206,0.00106206,0.004955974673331736
5,6,2025-05-29 10:35:00.009384-04:00,0,0,0,0.0,0.25729625814128665,1,0.0009815838279692876,0.0009815838279692876,0.0009815838279692876,0.0009815838279692876
5,6,2025-05-29 10:35:00.009384-04:00,1,10,0,0.45093608081670256,0.6180511725339548,1,0.0017359003144009847,0.0017359003144009847,0.0017359003144009847,0.0027174841423702723
5,6,2025-05-29 10:35:00.009384-04:00,2,20,0,0.9019094385751014,1.0409725662738043,1,0.0022479404444664787,0.0022479404444664787,0.0022479404444664787,0.004965424586836751
5,7,2025-05-29 10:35:00.009384-04:00,0,0,0,0.0,0.20450696135041305,1,0.0007458559129430652,0.0007458559129430652,0.0007458559129430652,0.0007458559129430652
5,7,2025-05-29 10:35:00.009384-04:00,1,10,0,0.4509007847980386,0.6886025412694816,1,0.002135601709622889,0.002135601709622889,0.002135601709622889,0.002881457622565954
5,7,2025-05-29 10:35:00.009384-04:00,2,20,0,0.9018528649617905,2.052009582780723,1,0.003886941635930029,0.003886941635930029,0.003886941635930029,0.006768399258495983
5,8,2025-05-29 10:35:00.009384-04:00,0,0,0,0.0,0.11455977548015633,1,0.0007458559129430652,0.0007458559129430652,0.0007458559129430652,0.0007458559129430652
5,8,2025-05-29 10:35:00.009384-04:00,1,10,0,0.4509042236306074,0.5607282599789024,1,0.0017187703144009847,0.0017187703144009847,0.0017187703144009847,0.00246462622734405
5,8,2025-05-29 10:35:00.009384-04:00,2,20,0,0.9018852981790162,1.0491603040266846,1,0.002230810444466479,0.002230810444466479,0.002230810444466479,0.004695436671810529
5,8,2025-05-29 10:35:00.009384-04:00,2,21,1,0.9118852981790162,1.0700625900325689,1,0.0025883824511658167,0.0025883824511658167,0.0025883824511658167,0.007283819122976346
5,8,2025-05-29 10:35:00.009384-04:00,2,22,2,0.9218852981790162,1.0766937114885153,1,0.0025883824511658167,0.0025883824511658167,0.0025883824511658167,0.009872201574142161
5,9,2025-05-29 10:35:00.009384-04:00,1,10,0,0.4508523249096123,0.6694644999090071,1,0.0019806652664933395,0.0019806652664933395,0.0019806652664933395,0.0019806652664933395
5,9,2025-05-29 10:35:00.009384-04:00,1,11,1,0.4608523249096123,0.6765470809667975,1,0.0021087585386606,0.0021087585386606,0.0021087585386606,0.00408942380515394
5,9,2025-05-29 10:35:00.009384-04:00,2,20,0,0.9017948127454676,1.1849988530035538,1,0.0031619486658613586,0.0031619486658613586,0.0031619486658613586,0.007251372471015299
5,9,2025-05-29 10:35:00.009384-04:00,2,21,1,0.9117948127454676,1.2012649941431472,1,0.0031619486658613586,0.0031619486658613586,0.0031619486658613586,0.010413321136876657
6,0,2025-05-29 10:36:00.033398-04:00,0,0,0,0.0,0.14373369050149334,1,0.00011354858734611058,0.00011354858734611058,0.00011354858734611058,0.00011354858734611058
6,0,2025-05-29 10:36:00.033398-04:00,0,1,1,0.01,0.16929623596343088,1,0.0004346905455971376,0.0004346905455971376,0.0004346905455971376,0.0005482391329432482
6,0,2025-05-29 10:36:00.033398-04:00,0,2,2,0.02,0.18074375485086264,1,0.0004346905455971376,0.0004346905455971376,0.0004346905455971376,0.0009829296785403858
6,0,2025-05-29 10:36:00.033398-04:00,0,3,3,0.03,0.1878617868497539,1,0.0004346905455971376,0.0004346905455971376,0.0004346905455971376,0.0014176202241375233
6,0,2025-05-29 10:36:00.033398-04:00,0,4,4,0.04,0.18834946348965406,1,0.0004346905455971376,0.0004346905455971376,0.0004346905455971376,0.0018523107697346608
6,0,2025-05-29 10:36:00.033398-04:00,1,10,0,0.45097808502872716,0.6206235033299923,1,0.000762360630807872,0.000762360630807872,0.000762360630807872,0.002614671400542533
6,1,2025-05-29 10:36:00.033398-04:00,0,0,0,0.0,0.6477175086527345,1,0.000899400630807872,0.000899400630807872,0.000899400630807872,0.000899400630807872
6,1,2025-05-29 10:36:00.033398-04:00,2,20,0,1.159443616676303,1.2815896571984875,1,0.0019633689134847788,0.0019633689134847788,0.0019633689134847788,0.0028627695442926507
6,1,2025-05-29 10:36:00.033398-04:00,2,21,1,1.169443616676303,1.2881625436715838,1,0.0019633689134847788,0.0019633689134847788,0.0019633689134847788,0.0048261384577774295
6,1,2025-05-29 10:36:00.033398-04:00,2,22,2,1.179443616676303,1.2941067628228051,1,0.0019633689134847788,0.0019633689134847788,0.0019633689134847788,0.006789507371262209
6,2,2025-05-29 10:36:00.033398-04:00,1,10,0,0.45087711153662025,0.6354525641581681,1,0.0007794906308078721,0.0007794906308078721,0.0007794906308078721,0.0007794906308078721
6,2,2025-05-29 10:36:00.033398-04:00,1,11,1,0.46087711153662025,0.638203416868757,1,0.0007794906308078721,0.0007794906308078721,0.0007794906308078721,0.0015589812616157441
6,2,2025-05-29 10:36:00.033398-04:00,2,20,0,0.9018038763139403,1.073455329713387,1,0.0023230989134847787,0.0023230989134847787,0.0023230989134847787,0.003882080175100523
6,2,2025-05-29 10:36:00.033398-04:00,2,21,1,0.9118038763139403,1.0752519211155782,1,0.0023230989134847787,0.0023230989134847787,0.0023230989134847787,0.006205179088585302
6,3,2025-05-29 10:36:00.033398-04:00,2,20,0,0.9019474155421578,1.0484558143469607,1,0.002460138913484779,0.002460138913484779,0.002460138913484779,0.002460138913484779
6,4,2025-05-29 10:36:00.033398-04:00,0,0,0,0.0,0.6738899995898007,1,0.000899400630807872,0.000899400630807872,0.000899400630807872,0.000899400630807872
6,4,2025-05-29 10:36:00.033398-04:00,1,10,0,0.7348867935207377,0.9207186270281897,1,0.0006623419593055384,0.0006623419593055384,0.0006623419593055384,0.0015617425901134105
6,5,2025-05-29 10:36:00.033398-04:00,0,0,0,0.0,0.5534222285694615,1,0.000899400630807872,0.000899400630807872,0.000899400630807872,0.000899400630807872
6,5,2025-05-29 10:36:00.033398-04:00,1,10,0,0.6141077190518501,0.808566247227107,1,0.001741369593055384,0.001741369593055384,0.001741369593055384,0.0026407702238632562
6,5,2025-05-29 10:36:00.033398-04:00,1,11,1,0.6241077190518501,0.8103106756813792,1,0.001741369593055384,0.001741369593055384,0.001741369593055384,0.0043821398169186405
6,5,2025-05-29 10:36:00.033398-04:00,1,12,2,0.6341077190518501,0.8270275720222626,1,0.001741369593055384,0.001741369593055384,0.001741369593055384,0.006123509409974024
6,5,2025-05-29 10:36:00.033398-04:00,1,13,3,0.6441077190518502,0.8320538837528557,1,0.001741369593055384,0.001741369593055384,0.001741369593055384,0.007864879003029408
6,5,2025-05-29 10:36:00.033398-04:00,1,14,4,0.6541077190518502,0.8642393115662649,1,0.001741369593055384,0.001741369593055384,0.001741369593055384,0.009606248596084792
6,5,2025-05-29 10:36:00.033398-04:00,1,15,5,0.6641077190518502,0.869383895312907,1,0.001741369593055384,0.001741369593055384,0.001741369593055384,0.011347618189140176
6,5,2025-05-29 10:36:00.033398-04:00,2,20,0,1.0648085687509903,1.220706610378963,1,0.00128475,0.00128475,0.00128475,0.012632368189140175
6,5,2025-05-29 10:36:00.033398-04:00,2,21,1,1.0748085687509903,1.2273805987093538,1,0.00128475,0.00128475,0.00128475,0.013917118189140175
6,5,2025-05-29 10:36:00.033398-04:00,2,22,2,1.0848085687509903,1.232149647935701,1,0.00128475,0.00128475,0.00128475,0.015201868189140174
6,6,2025-05-29 10:36:00.033398-04:00,0,0,0,0.0,0.4101508316626712,1,0.000473472828441264,0.000473472828441264,0.000473472828441264,0.000473472828441264
6,6,2025-05-29 10:36:00.033398-04:00,0,1,1,0.01,0.4258086740056583,1,0.000473472828441264,0.000473472828441264,0.000473472828441264,0.000946945656882528
6,6,2025-05-29 10:36:00.033398-04:00,1,10,0,0.48670914860572656,0.9202645249319573,1,0.0015015495930553841,0.0015015495930553841,0.0015015495930553841,0.002448495249937912
6,7,2025-05-29 10:36:00.033398-04:00,0,0,0,0.0,0.22152197614238447,1,0.000473472828441264,0.000473472828441264,0.000473472828441264,0.000473472828441264
6,7,2025-05-29 10:36:00.033398-04:00,1,10,0,0.45097392371154643,0.8604138307591411,1,0.001621459593055384,0.001621459593055384,0.001621459593055384,0.0020949324214966482
6,7,2025-05-29 10:36:00.033398-04:00,1,11,1,0.46097392371154644,0.8644381443714975,1,0.001621459593055384,0.001621459593055384,0.001621459593055384,0.003716392014552032
6,7,2025-05-29 10:36:00.033398-04:00,2,20,0,0.9252691745131526,1.135308823856669,1,0.002460138913484779,0.002460138913484779,0.002460138913484779,0.006176530928036811
6,7,2025-05-29 10:36:00.033398-04:00,2,21,1,0.9352691745131526,1.1388715177241486,1,0.002460138913484779,0.002460138913484779,0.002460138913484779,0.00863666984152159
6,8,2025-05-29 10:36:00.033398-04:00,0,0,0,0.0,0.12847536118351258,1,0.00011354858734611058,0.00011354858734611058,0.00011354858734611058,0.00011354858734611058
6,8,2025-05-29 10:36:00.033398-04:00,1,10,0,0.45095787930535497,0.572092177125041,1,0.000762360630807872,0.000762360630807872,0.000762360630807872,0.0008759092181539825
6,8,2025-05-29 10:36:00.033398-04:00,2,20,0,0.9019396755437351,1.109768296071843,1,0.002374488913484779,0.002374488913484779,0.002374488913484779,0.0032503981316387614
6,9,2025-05-29 10:36:00.033398-04:00,0,0,0,0.0,0.1498732795053167,1,0.00011354858734611058,0.00011354858734611058,0.00011354858734611058,0.00011354858734611058
7,0,2025-05-29 10:37:00.039419-04:00,1,10,0,0.45087685727289695,0.6128681855183511,1,0.00042171284182358933,0.00042171284182358933,0.00042171284182358933,0.00042171284182358933
7,0,2025-05-29 10:37:00.039419-04:00,1,11,1,0.46087685727289696,0.6173067054524691,1,0.00042171284182358933,0.00042171284182358933,0.00042171284182358933,0.0008434256836471787
7,0,2025-05-29 10:37:00.039419-04:00,1,12,2,0.47087685727289696,0.6205298289625205,1,0.00042171284182358933,0.00042171284182358933,0.00042171284182358933,0.0012651385254707679
7,1,2025-05-29 10:37:00.039419-04:00,1,10,0,0.4509944689705625,0.5796759176949152,1,0.00042171284182358933,0.00042171284182358933,0.00042171284182358933,0.00042171284182358933
7,2,2025-05-29 10:37:00.039419-04:00,1,10,0,0.4508176436430916,0.6067141791879227,1,0.00042171284182358933,0.00042171284182358933,0.00042171284182358933,0.00042171284182358933
7,2,2025-05-29 10:37:00.039419-04:00,1,11,1,0.46081764364309163,0.6157551319424219,1,0.00042171284182358933,0.00042171284182358933,0.00042171284182358933,0.0008434256836471787
7,2,2025-05-29 10:37:00.039419-04:00,2,20,0,0.9017192727970036,1.142910444342193,1,0.0026308867250644454,0.0026308867250644454,0.0026308867250644454,0.003474312408711624
7,3,2025-05-29 10:37:00.039419-04:00,0,0,0,0.0,0.18422317326331583,1,0.0002047375174175636,0.0002047375174175636,0.0002047375174175636,0.0002047375174175636
7,3,2025-05-29 10:37:00.039419-04:00,0,1,1,0.01,0.20739032268554974,1,0.0002047375174175636,0.0002047375174175636,0.0002047375174175636,0.0004094750348351272
7,3,2025-05-29 10:37:00.039419-04:00,1,10,0,0.4509156663478048,0.5682669880255926,1,0.0003716302734588715,0.0003716302734588715,0.0003716302734588715,0.0007811053082939987
7,3,2025-05-29 10:37:00.039419-04:00,2,20,0,0.9019077646172533,1.0470667677291436,1,0.0021679150372415283,0.0021679150372415283,0.0021679150372415283,0.002949020345535527
7,4,2025-05-29 10:37:00.039419-04:00,1,10,0,0.4509825626175848,0.5957132832560523,1,0.00042171284182358933,0.00042171284182358933,0.00042171284182358933,0.00042171284182358933
7,4,2025-05-29 10:37:00.039419-04:00,2,20,0,0.9018405889050977,1.022959757664208,1,0.0022021750372415287,0.0022021750372415287,0.0022021750372415287,0.002623887879065118
7,4,2025-05-29 10:37:00.039419-04:00,2,21,1,0.9118405889050977,1.0375930173911174,1,0.0022021750372415287,0.0022021750372415287,0.0022021750372415287,0.004826062916306647
7,5,2025-05-29 10:37:00.039419-04:00,0,0,0,0.0,0.10857046869979764,1,0.0002047375174175636,0.0002047375174175636,0.0002047375174175636,0.0002047375174175636
7,5,2025-05-29 10:37:00.039419-04:00,0,1,1,0.01,0.11213047111095398,1,0.0002047375174175636,0.0002047375174175636,0.0002047375174175636,0.0004094750348351272
7,5,2025-05-29 10:37:00.039419-04:00,1,10,0,0.45099078702128637,0.6202918346626443,1,0.0003716302734588715,0.0003716302734588715,0.0003716302734588715,0.0007811053082939987
7,6,2025-05-29 10:37:00.039419-04:00,0,0,0,0.0,0.1260433328652936,1,0.0002047375174175636,0.0002047375174175636,0.0002047375174175636,0.0002047375174175636
7,6,2025-05-29 10:37:00.039419-04:00,1,10,0,0.45092506513068215,0.6352231956584395,1,0.0003966715576412304,0.0003966715576412304,0.0003966715576412304,0.000601409075058794
7,6,2025-05-29 10:37:00.039419-04:00,1,11,1,0.46092506513068215,0.6650271471956982,1,0.0003966715576412304,0.0003966715576412304,0.0003966715576412304,0.0009980806327000245
7,6,2025-05-29 10:37:00.039419-04:00,2,20,0,0.9017546820073787,1.0716423069320538,1,0.002613756725064445,0.002613756725064445,0.002613756725064445,0.0036118373577644696
7,6,2025-05-29 10:37:00.039419-04:00,2,21,1,0.9117546820073787,1.0794930797358488,1,0.002613756725064445,0.002613756725064445,0.002613756725064445,0.006225594082828915
7,8,2025-05-29 10:37:00.039419-04:00,0,0,0,0.0,0.5565391941315321,1,0.00042171284182358933,0.00042171284182358933,0.00042171284182358933,0.00042171284182358933
7,8,2025-05-29 10:37:00.039419-04:00,0,1,1,0.01,0.559300076637609,1,0.00042171284182358933,0.00042171284182358933,0.00042171284182358933,0.0008434256836471787
7,8,2025-05-29 10:37:00.039419-04:00,1,10,0,0.6201007912705487,0.7911868221854331,1,0.0010451615835805552,0.0010451615835805552,0.0010451615835805552,0.0018885872672277338
7,8,2025-05-29 10:37:00.039419-04:00,1,11,1,0.6301007912705487,0.7973689441881243,1,0.0010451615835805552,0.0010451615835805552,0.0010451615835805552,0.002933748850808289
7,9,2025-05-29 10:37:00.039419-04:00,0,0,0,0.0,0.7982208391138188,1,0.0010451615835805552,0.0010451615835805552,0.0010451615835805552,0.0010451615835805552
7,9,2025-05-29 10:37:00.039419-04:00,1,10,0,0.8591926518722273,0.9856226068433288,1,0.002972217196059326,0.002972217196059326,0.002972217196059326,0.004017378779639881
7,9,2025-05-29 10:37:00.039419-04:00,1,11,1,0.8691926518722273,0.990227562282397,1,0.002972217196059326,0.002972217196059326,0.002972217196059326,0.006989595975699207
7,9,2025-05-29 10:37:00.039419-04:00,2,20,0,1.3100137063275001,1.592929425930424,1,0.003417514973870649,0.003417514973870649,0.003417514973870649,0.010407110949569856
8,0,2025-05-29 10:38:00.038046-04:00,0,0,0,0.0,0.16508440109560635,1,0.0,0.0,0.0,0.0
8,0,2025-05-29 10:38:00.038046-04:00,0,1,1,0.01,0.18341805490780555,1,0.0,0.0,0.0,0.0
8,0,2025-05-29 10:38:00.038046-04:00,0,2,2,0.02,0.19393096351689365,1,0.0,0.0,0.0,0.0
8,0,2025-05-29 10:38:00.038046-04:00,1,10,0,0.4509236160196201,0.5801986520343615,1,0.0,0.0,0.0,0.0
8,1,2025-05-29 10:38:00.038046-04:00,0,0,0,0.0,0.1501136441340344,1,0.0,0.0,0.0,0.0
8,1,2025-05-29 10:38:00.038046-04:00,1,10,0,0.4509520759174626,0.7523686649125976,1,0.0,0.0,0.0,0.0
8,1,2025-05-29 10:38:00.038046-04:00,1,11,1,0.4609520759174626,0.7696651712946571,1,0.0,0.0,0.0,0.0
8,1,2025-05-29 10:38:00.038046-04:00,2,20,0,0.9016847098426388,1.1626318494131462,1,0.0,0.0,0.0,0.0
8,2,2025-05-29 10:38:00.038046-04:00,0,0,0,0.0,0.2918175416067813,1,0.0,0.0,0.0,0.0
8,2,2025-05-29 10:38:00.038046-04:00,1,10,0,0.45074388230042745,0.5894642747178243,1,0.0,0.0,0.0,0.0
8,2,2025-05-29 10:38:00.038046-04:00,2,20,0,0.9016591766982904,1.137072705022616,1,0.0,0.0,0.0,0.0
8,3,2025-05-29 10:38:00.038046-04:00,0,0,0,0.0,0.14423940592939105,1,0.0,0.0,0.0,0.0
8,3,2025-05-29 10:38:00.038046-04:00,0,1,1,0.01,0.15206130609872745,1,0.0,0.0,0.0,0.0
8,3,2025-05-29 10:38:00.038046-04:00,0,2,2,0.02,0.15799223966019493,1,0.0,0.0,0.0,0.0
8,3,2025-05-29 10:38:00.038046-04:00,2,20,0,0.9018646487236391,1.1459199931966189,1,0.0,0.0,0.0,0.0
8,3,2025-05-29 10:38:00.038046-04:00,2,21,1,0.9118646487236391,1.1536063599016104,1,0.0,0.0,0.0,0.0
8,4,2025-05-29 10:38:00.038046-04:00,0,0,0,0.0,0.24186820341215268,1,0.0,0.0,0.0,0.0
8,4,2025-05-29 10:38:00.038046-04:00,0,1,1,0.01,0.24343160940178682,1,0.0,0.0,0.0,0.0
8,4,2025-05-29 10:38:00.038046-04:00,1,10,0,0.45064968862404675,0.5634003503845747,1,0.0,0.0,0.0,0.0
8,4,2025-05-29 10:38:00.038046-04:00,1,11,1,0.46064968862404676,0.5766770163836251,1,0.0,0.0,0.0,0.0
8,5,2025-05-29 10:38:00.038046-04:00,0,0,0,0.0,0.24873061161474097,1,0.0,0.0,0.0,0.0
8,5,2025-05-29 10:38:00.038046-04:00,0,1,1,0.01,0.2584436761830083,1,0.0,0.0,0.0,0.0
8,5,2025-05-29 10:38:00.038046-04:00,1,10,0,0.4509425907290795,0.7986544298320275,1,0.0,0.0,0.0,0.0
8,5,2025-05-29 10:38:00.038046-04:00,1,11,1,0.4609425907290795,0.802912414194648,1,0.0,0.0,0.0,0.0
8,5,2025-05-29 10:38:00.038046-04:00,1,12,2,0.4709425907290795,0.8140817856626559,1,0.0,0.0,0.0,0.0
8,5,2025-05-29 10:38:00.038046-04:00,1,13,3,0.4809425907290795,0.8194134970067024,1,0.0,0.0,0.0,0.0
8,5,2025-05-29 10:38:00.038046-04:00,1,14,4,0.4909425907290795,0.8368864824184297,1,0.0,0.0,0.0,0.0
8,5,2025-05-29 10:38:00.038046-04:00,2,20,0,0.9018854850924988,1.1265839516160696,1,0.0,0.0,0.0,0.0
8,6,2025-05-29 10:38:00.038046-04:00,0,0,0,0.0,0.24479563938113152,1,0.0,0.0,0.0,0.0
8,6,2025-05-29 10:38:00.038046-04:00,0,1,1,0.01,0.24917372837541416,1,0.0,0.0,0.0,0.0
8,7,2025-05-29 10:38:00.038046-04:00,0,0,0,0.0,0.10812137978036275,1,0.0,0.0,0.0,0.0
8,7,2025-05-29 10:38:00.038046-04:00,0,1,1,0.01,0.11851908083928453,1,0.0,0.0,0.0,0.0
8,7,2025-05-29 10:38:00.038046-04:00,0,2,2,0.02,0.12327405709780692,1,0.0,0.0,0.0,0.0
8,7,2025-05-29 10:38:00.038046-04:00,1,10,0,0.4509336018964325,0.5830619649037884,1,0.0,0.0,0.0,0.0
8,7,2025-05-29 10:38:00.038046-04:00,2,20,0,0.9019335342571697,1.007486544101401,1,0.0,0.0,0.0,0.0
8,8,2025-05-29 10:38:00.038046-04:00,0,0,0,0.0,0.3514161801649326,1,0.0,0.0,0.0,0.0
8,8,2025-05-29 10:38:00.038046-04:00,0,1,1,0.01,0.3632660201053986,1,0.0,0.0,0.0,0.0
8,8,2025-05-29 10:38:00.038046-04:00,0,2,2,0.02,0.3662156778513608,1,0.0,0.0,0.0,0.0
8,8,2025-05-29 10:38:00.038046-04:00,1,10,0,0.45086323452873256,0.8057998802617714,1,0.0,0.0,0.0,0.0
8,8,2025-05-29 10:38:00.038046-04:00,2,20,0,0.9016518516355904,1.052958947600824,1,0.0,0.0,0.0,0.0
8,8,2025-05-29 10:38:00.038046-04:00,2,21,1,0.9116518516355904,1.0615727510139992,1,0.0,0.0,0.0,0.0
8,8,2025-05-29 10:38:00.038046-04:00,2,22,2,0.9216518516355904,1.0737599803190931,1,0.0,0.0,0.0,0.0
8,9,2025-05-29 10:38:00.038046-04:00,1,10,0,0.45099340006252764,0.9265078004696181,1,0.0016431131198323666,0.0016431131198323666,0.0016431131198323666,0.0016431131198323666
8,9,2025-05-29 10:38:00.038046-04:00,2,20,0,0.9873522791137225,1.2769927122601752,1,0.0016431131198323666,0.0016431131198323666,0.0016431131198323666,0.003286226239664733
8,9,2025-05-29 10:38:00.038046-04:00,2,21,1,0.9973522791137225,1.2846618341056626,1,0.0016431131198323666,0.0016431131198323666,0.0016431131198323666,0.0049293393594971
8,9,2025-05-29 10:38:00.038046-04:00,2,22,2,1.0073522791137224,1.2869182555397567,1,0.0016431131198323666,0.0016431131198323666,0.0016431131198323666,0.006572452479329466
9,0,2025-05-29 10:39:00.069477-04:00,2,20,0,0.901907589476298,1.0555320930377383,1,0.0014195651144500048,0.0014195651144500048,0.0014195651144500048,0.0014195651144500048
9,1,2025-05-29 10:39:00.069477-04:00,0,0,0,0.0,0.10901595413831405,1,0.0,0.0,0.0,0.0
9,1,2025-05-29 10:39:00.069477-04:00,0,1,1,0.01,0.11392881703706127,1,0.0,0.0,0.0,0.0
9,1,2025-05-29 10:39:00.069477-04:00,0,2,2,0.02,0.11980589620864293,1,0.0,0.0,0.0,0.0
9,1,2025-05-29 10:39:00.069477-04:00,2,20,0,0.9015074412027255,1.0070774670381855,1,0.001214005114450005,0.001214005114450005,0.001214005114450005,0.001214005114450005
9,1,2025-05-29 10:39:00.069477-04:00,2,21,1,0.9115074412027255,1.015817636862177,1,0.001214005114450005,0.001214005114450005,0.001214005114450005,0.00242801022890001
9,2,2025-05-29 10:39:00.069477-04:00,0,0,0,0.0,0.12561081485143638,1,0.0,0.0,0.0,0.0
9,2,2025-05-29 10:39:00.069477-04:00,0,1,1,0.01,0.12602850643144475,1,0.0,0.0,0.0,0.0
9,2,2025-05-29 10:39:00.069477-04:00,1,10,0,0.4509541074366136,0.5871963550603451,1,0.0006595488108222386,0.0006595488108222386,0.0006595488108222386,0.0006595488108222386
9,2,2025-05-29 10:39:00.069477-04:00,1,11,1,0.46095410743661364,0.5978613009767105,1,0.0006595488108222386,0.0006595488108222386,0.0006595488108222386,0.0013190976216444772
9,3,2025-05-29 10:39:00.069477-04:00,0,0,0,0.0,0.10293013210587212,1,0.0,0.0,0.0,0.0
9,3,2025-05-29 10:39:00.069477-04:00,0,1,1,0.01,0.11517650622825656,1,0.0,0.0,0.0,0.0
9,3,2025-05-29 10:39:00.069477-04:00,2,20,0,0.9015939207753845,1.0664776650479428,1,0.0012825251144500049,0.0012825251144500049,0.0012825251144500049,0.0012825251144500049
9,3,2025-05-29 10:39:00.069477-04:00,2,21,1,0.9115939207753845,1.0748058902309112,1,0.0012825251144500049,0.0012825251144500049,0.0012825251144500049,0.0025650502289000098
9,3,2025-05-29 10:39:00.069477-04:00,2,22,2,0.9215939207753845,1.0865496822086278,1,0.0012825251144500049,0.0012825251144500049,0.0012825251144500049,0.003847575343350015
9,3,2025-05-29 10:39:00.069477-04:00,2,23,3,0.9315939207753845,1.0904700837942687,1,0.0012825251144500049,0.0012825251144500049,0.0012825251144500049,0.0051301004578000195
9,4,2025-05-29 10:39:00.069477-04:00,0,0,0,0.0,0.22513742873868955,1,0.0008244360135277982,0.0008244360135277982,0.0008244360135277982,0.0008244360135277982
9,4,2025-05-29 10:39:00.069477-04:00,1,10,0,0.4508067832380586,0.6697557104108613,1,0.0008244360135277982,0.0008244360135277982,0.0008244360135277982,0.0016488720270555965
9,4,2025-05-29 10:39:00.069477-04:00,2,20,0,0.901647546750024,1.105095834626836,1,0.0024046847034629435,0.0024046847034629435,0.0024046847034629435,0.00405355673051854
9,5,2025-05-29 10:39:00.069477-04:00,0,0,0,0.0,0.38341573456367606,1,0.0008244360135277982,0.0008244360135277982,0.0008244360135277982,0.0008244360135277982
9,5,2025-05-29 10:39:00.069477-04:00,0,1,1,0.01,0.4202920943305288,1,0.0008244360135277982,0.0008244360135277982,0.0008244360135277982,0.0016488720270555965
9,5,2025-05-29 10:39:00.069477-04:00,1,10,0,0.4811190824017362,0.7756877692334417,1,0.0008244360135277982,0.0008244360135277982,0.0008244360135277982,0.0024733080405833947
9,6,2025-05-29 10:39:00.069477-04:00,0,0,0,0.0,0.2464468158197384,1,0.0008244360135277982,0.0008244360135277982,0.0008244360135277982,0.0008244360135277982
9,6,2025-05-29 10:39:00.069477-04:00,0,1,1,0.01,0.25118620364541266,1,0.0008244360135277982,0.0008244360135277982,0.0008244360135277982,0.0016488720270555965
9,6,2025-05-29 10:39:00.069477-04:00,1,10,0,0.4509674397329922,0.7452393100439249,1,0.0008244360135277982,0.0008244360135277982,0.0008244360135277982,0.0024733080405833947
9,7,2025-05-29 10:39:00.069477-04:00,0,0,0,0.0,0.6141343398533409,1,0.0008244360135277982,0.0008244360135277982,0.0008244360135277982,0.0008244360135277982
9,7,2025-05-29 10:39:00.069477-04:00,1,10,0,0.6750215774275742,0.9001242201077005,1,0.0008244360135277982,0.0008244360135277982,0.0008244360135277982,0.0016488720270555965
9,7,2025-05-29 10:39:00.069477-04:00,1,11,1,0.6850215774275742,0.9083454164354271,1,0.0008244360135277982,0.0008244360135277982,0.0008244360135277982,0.0024733080405833947
9,7,2025-05-29 10:39:00.069477-04:00,2,20,0,1.1259332036267191,1.2745121657361789,1,0.0016680493034393743,0.0016680493034393743,0.0016680493034393743,0.004141357344022769
9,7,2025-05-29 10:39:00.069477-04:00,2,21,1,1.1359332036267191,1.276100555929538,1,0.0016680493034393743,0.0016680493034393743,0.0016680493034393743,0.0058094066474621425
9,7,2025-05-29 10:39:00.069477-04:00,2,22,2,1.1459332036267191,1.2780383234550083,1,0.0016680493034393743,0.0016680493034393743,0.0016680493034393743,0.007477455950901516
9,8,2025-05-29 10:39:00.069477-04:00,0,0,0,0.0,0.5066342084704688,1,0.0008244360135277982,0.0008244360135277982,0.0008244360135277982,0.0008244360135277982
9,8,2025-05-29 10:39:00.069477-04:00,1,10,0,0.5674510356748025,0.8718079447735501,1,0.0008244360135277982,0.0008244360135277982,0.0008244360135277982,0.0016488720270555965
9,9,2025-05-29 10:39:00.069477-04:00,0,0,0,0.0,0.13292737279940883,1,0.0,0.0,0.0,0.0
9,9,2025-05-29 10:39:00.069477-04:00,2,20,0,0.9018564832058494,1.0018848960165823,1,0.001351045114450005,0.001351045114450005,0.001351045114450005,0.001351045114450005
9,9,2025-05-29 10:39:00.069477-04:00,2,21,1,0.9118564832058494,1.0040493015079144,1,0.001351045114450005,0.001351045114450005,0.001351045114450005,0.00270209022890001
