episode_id,policy_path_id,window_start,cycle_id,order_id,order_slot,post_time_s,qty,fill_time_s
0,0,2025-05-29 10:30:00.006003-04:00,1,10,0,0.45070542834342536,1,0.8656833436676477
0,1,2025-05-29 10:30:00.006003-04:00,0,0,0,0.0,1,0.19964815011494486
0,1,2025-05-29 10:30:00.006003-04:00,1,10,0,0.4509849262282567,1,0.8174117178104983
0,1,2025-05-29 10:30:00.006003-04:00,2,20,0,0.9019358918308338,1,1.0741902356733248
0,2,2025-05-29 10:30:00.006003-04:00,0,0,0,0.0,1,0.11912364766951217
0,2,2025-05-29 10:30:00.006003-04:00,0,1,1,0.01,1,0.12980230185123137
0,2,2025-05-29 10:30:00.006003-04:00,1,10,0,0.4507478485168263,1,0.6111256998758738
0,2,2025-05-29 10:30:00.006003-04:00,1,11,1,0.4607478485168263,1,0.61120005241725
0,2,2025-05-29 10:30:00.006003-04:00,2,20,0,0.9016583240208907,1,1.0106494981879452
0,3,2025-05-29 10:30:00.006003-04:00,0,0,0,0.0,1,0.1430929768825326
0,3,2025-05-29 10:30:00.006003-04:00,1,10,0,0.4508603634598375,1,0.6572790645055272
0,3,2025-05-29 10:30:00.006003-04:00,1,11,1,0.4608603634598375,1,0.6586057896957525
0,3,2025-05-29 10:30:00.006003-04:00,2,20,0,0.9017110781690638,1,1.1877352172440814
0,3,2025-05-29 10:30:00.006003-04:00,2,21,1,0.9117110781690638,1,1.1889389361469913
0,4,2025-05-29 10:30:00.006003-04:00,0,0,0,0.0,1,0.19341494443551788
0,4,2025-05-29 10:30:00.006003-04:00,1,10,0,0.4509280680086832,1,0.5826885848386649
0,4,2025-05-29 10:30:00.006003-04:00,1,11,1,0.4609280680086832,1,0.6068483430424092
0,4,2025-05-29 10:30:00.006003-04:00,2,20,0,0.9019176401298592,1,1.0623434390206437
0,4,2025-05-29 10:30:00.006003-04:00,2,21,1,0.9119176401298592,1,1.0643902018298868
0,4,2025-05-29 10:30:00.006003-04:00,2,22,2,0.9219176401298592,1,1.065449882418758
0,4,2025-05-29 10:30:00.006003-04:00,2,23,3,0.9319176401298592,1,1.0933781538769745
0,4,2025-05-29 10:30:00.006003-04:00,2,24,4,0.9419176401298592,1,1.0958753899419265
0,5,2025-05-29 10:30:00.006003-04:00,0,0,0,0.0,1,0.3266514198901442
0,5,2025-05-29 10:30:00.006003-04:00,1,10,0,0.4509920165284184,1,0.5635612685948953
0,5,2025-05-29 10:30:00.006003-04:00,1,11,1,0.4609920165284184,1,0.5809321924058983
0,5,2025-05-29 10:30:00.006003-04:00,2,20,0,0.9019847587652122,1,1.0848845977728663
0,6,2025-05-29 10:30:00.006003-04:00,1,10,0,0.4509539437520781,1,0.5531028998086559
0,6,2025-05-29 10:30:00.006003-04:00,2,20,0,0.9019469760814164,1,1.4062386618627611
0,6,2025-05-29 10:30:00.006003-04:00,2,21,1,0.9119469760814164,1,1.4114285350277889
0,6,2025-05-29 10:30:00.006003-04:00,2,22,2,0.9219469760814164,1,1.4117268563724343
0,7,2025-05-29 10:30:00.006003-04:00,1,10,0,0.4509901283324019,1,0.8039885292971155
0,7,2025-05-29 10:30:00.006003-04:00,2,20,0,0.9018998576512288,1,1.0308463928720881
0,8,2025-05-29 10:30:00.006003-04:00,1,10,0,0.4508641352295956,1,0.7506166266673485
0,8,2025-05-29 10:30:00.006003-04:00,1,11,1,0.46086413522959563,1,0.7563963520913347
0,9,2025-05-29 10:30:00.006003-04:00,0,0,0,0.0,1,0.19584979729504304
0,9,2025-05-29 10:30:00.006003-04:00,0,1,1,0.01,1,0.20205855532724018
0,9,2025-05-29 10:30:00.006003-04:00,0,2,2,0.02,1,0.20633905416751247
0,9,2025-05-29 10:30:00.006003-04:00,0,3,3,0.03,1,0.21313927591087067
0,9,2025-05-29 10:30:00.006003-04:00,1,10,0,0.45085651309287167,1,0.6114740091345652
0,9,2025-05-29 10:30:00.006003-04:00,1,11,1,0.4608565130928717,1,0.6172985527359188
0,9,2025-05-29 10:30:00.006003-04:00,2,20,0,0.9017147259926039,1,1.0308288084252255
0,9,2025-05-29 10:30:00.006003-04:00,2,21,1,0.911714725992604,1,1.0318302803647443
0,9,2025-05-29 10:30:00.006003-04:00,2,22,2,0.921714725992604,1,1.0526285878536996
1,0,2025-05-29 10:31:00.019683-04:00,0,0,0,0.0,1,0.5430230502262093
1,0,2025-05-29 10:31:00.019683-04:00,1,10,0,0.6039993409186466,1,1.1538382497767035
1,0,2025-05-29 10:31:00.019683-04:00,1,11,1,0.6139993409186466,1,1.1547231184762718
1,0,2025-05-29 10:31:00.019683-04:00,2,20,0,1.215707645119323,1,1.3325002543685198
1,0,2025-05-29 10:31:00.019683-04:00,2,21,1,1.225707645119323,1,1.3350698279310225
1,1,2025-05-29 10:31:00.019683-04:00,0,0,0,0.0,1,0.30290016069765874
1,1,2025-05-29 10:31:00.019683-04:00,0,1,1,0.01,1,0.3203326470380666
1,1,2025-05-29 10:31:00.019683-04:00,1,10,0,0.45084383707027165,1,0.5649583039886802
1,1,2025-05-29 10:31:00.019683-04:00,1,11,1,0.46084383707027166,1,0.5951703002751558
1,1,2025-05-29 10:31:00.019683-04:00,1,12,2,0.47084383707027166,1,0.6014595752062132
1,1,2025-05-29 10:31:00.019683-04:00,2,20,0,0.9017235223305252,1,1.0463825860236788
1,2,2025-05-29 10:31:00.019683-04:00,0,0,0,0.0,1,0.2501352494387996
1,2,2025-05-29 10:31:00.019683-04:00,0,1,1,0.01,1,0.2582545990525064
1,2,2025-05-29 10:31:00.019683-04:00,0,2,2,0.02,1,0.2608978955484318
1,2,2025-05-29 10:31:00.019683-04:00,1,10,0,0.45089012593659544,1,0.8296985833529646
1,2,2025-05-29 10:31:00.019683-04:00,1,11,1,0.46089012593659545,1,0.8303522634456566
1,2,2025-05-29 10:31:00.019683-04:00,2,20,0,0.9015847160455813,1,1.0938885194564334
1,2,2025-05-29 10:31:00.019683-04:00,2,21,1,0.9115847160455813,1,1.095402692108217
1,2,2025-05-29 10:31:00.019683-04:00,2,22,2,0.9215847160455813,1,1.1073206507198041
1,3,2025-05-29 10:31:00.019683-04:00,0,0,0,0.0,1,0.158587931129599
1,3,2025-05-29 10:31:00.019683-04:00,0,1,1,0.01,1,0.16575150203154504
1,3,2025-05-29 10:31:00.019683-04:00,1,10,0,0.45087195134881486,1,0.6312886683314797
1,3,2025-05-29 10:31:00.019683-04:00,1,11,1,0.46087195134881487,1,0.6469848018979886
1,3,2025-05-29 10:31:00.019683-04:00,1,12,2,0.4708719513488149,1,0.6539541477331896
1,3,2025-05-29 10:31:00.019683-04:00,2,20,0,0.9018543598421883,1,1.0359202467986017
1,3,2025-05-29 10:31:00.019683-04:00,2,21,1,0.9118543598421883,1,1.0401758260293703
1,4,2025-05-29 10:31:00.019683-04:00,2,20,0,0.9018452560489503,1,1.0394400473280159
1,5,2025-05-29 10:31:00.019683-04:00,0,0,0,0.0,1,0.2036133015001706
1,5,2025-05-29 10:31:00.019683-04:00,0,1,1,0.01,1,0.21554088626458498
1,5,2025-05-29 10:31:00.019683-04:00,1,10,0,0.4509529908682803,1,0.6258042513185562
1,5,2025-05-29 10:31:00.019683-04:00,1,11,1,0.4609529908682803,1,0.6382817478640048
1,6,2025-05-29 10:31:00.019683-04:00,1,10,0,0.4509495635192186,1,0.8313557879081024
1,6,2025-05-29 10:31:00.019683-04:00,1,11,1,0.4609495635192186,1,0.8389727668415438
1,6,2025-05-29 10:31:00.019683-04:00,2,20,0,0.9017610616608946,1,1.0123545752924368
1,6,2025-05-29 10:31:00.019683-04:00,2,21,1,0.9117610616608947,1,1.0357810540524037
1,6,2025-05-29 10:31:00.019683-04:00,2,22,2,0.9217610616608947,1,1.0615974392509477
1,7,2025-05-29 10:31:00.019683-04:00,0,0,0,0.0,1,0.2598149823651935
1,7,2025-05-29 10:31:00.019683-04:00,1,10,0,0.4509965056103379,1,0.7027959305322924
1,7,2025-05-29 10:31:00.019683-04:00,1,11,1,0.4609965056103379,1,0.7152394584651273
1,7,2025-05-29 10:31:00.019683-04:00,1,12,2,0.4709965056103379,1,0.7558265581105962
1,7,2025-05-29 10:31:00.019683-04:00,1,13,3,0.4809965056103379,1,0.7563308336240209
1,7,2025-05-29 10:31:00.019683-04:00,2,20,0,0.9019428072640564,1,1.0378783918023573
1,8,2025-05-29 10:31:00.019683-04:00,0,0,0,0.0,1,0.15669213717048275
1,8,2025-05-29 10:31:00.019683-04:00,0,1,1,0.01,1,0.19384943662036455
1,8,2025-05-29 10:31:00.019683-04:00,2,20,0,0.9017728727548665,1,1.0417428842433258
1,9,2025-05-29 10:31:00.019683-04:00,1,10,0,0.45094518176186543,1,0.7711527015713949
1,9,2025-05-29 10:31:00.019683-04:00,1,11,1,0.46094518176186544,1,0.7750977321289402
1,9,2025-05-29 10:31:00.019683-04:00,2,20,0,0.9019120227763434,1,1.1168232903283117
1,9,2025-05-29 10:31:00.019683-04:00,2,21,1,0.9119120227763434,1,1.1397503228397965
1,9,2025-05-29 10:31:00.019683-04:00,2,22,2,0.9219120227763434,1,1.1409096286519973
2,0,2025-05-29 10:32:00.032150-04:00,1,10,0,0.4508900700915631,1,0.6344693595146319
2,0,2025-05-29 10:32:00.032150-04:00,2,20,0,0.9018407064686965,1,1.0798424449555046
2,1,2025-05-29 10:32:00.032150-04:00,0,0,0,0.0,1,0.12573050320137963
2,1,2025-05-29 10:32:00.032150-04:00,0,1,1,0.01,1,0.1471255766868133
2,1,2025-05-29 10:32:00.032150-04:00,1,10,0,0.4509227810986844,1,0.7440940433217985
2,1,2025-05-29 10:32:00.032150-04:00,2,20,0,0.9016606045165594,1,1.0350981184042418
2,1,2025-05-29 10:32:00.032150-04:00,2,21,1,0.9116606045165594,1,1.0746368244040336
2,2,2025-05-29 10:32:00.032150-04:00,0,0,0,0.0,1,0.17797643282204656
2,2,2025-05-29 10:32:00.032150-04:00,0,1,1,0.01,1,0.18500652309951154
2,2,2025-05-29 10:32:00.032150-04:00,0,2,2,0.02,1,0.2121252682472661
2,2,2025-05-29 10:32:00.032150-04:00,1,10,0,0.45095516649220924,1,0.9502757033733443
2,2,2025-05-29 10:32:00.032150-04:00,2,20,0,1.011232461505695,1,1.2111758357259619
2,2,2025-05-29 10:32:00.032150-04:00,2,21,1,1.021232461505695,1,1.2254637634264356
2,3,2025-05-29 10:32:00.032150-04:00,0,0,0,0.0,1,0.10514610434322395
2,3,2025-05-29 10:32:00.032150-04:00,0,1,1,0.01,1,0.12080927564092259
2,4,2025-05-29 10:32:00.032150-04:00,0,0,0,0.0,1,0.12732425170411626
2,4,2025-05-29 10:32:00.032150-04:00,0,1,1,0.01,1,0.12869876245953923
2,4,2025-05-29 10:32:00.032150-04:00,0,2,2,0.02,1,0.13195701525693154
2,4,2025-05-29 10:32:00.032150-04:00,1,10,0,0.45088669496500294,1,0.5946598359439009
2,5,2025-05-29 10:32:00.032150-04:00,1,10,0,0.4508680997597793,1,0.5728910267612703
2,5,2025-05-29 10:32:00.032150-04:00,1,11,1,0.4608680997597793,1,0.5772075987025771
2,6,2025-05-29 10:32:00.032150-04:00,0,0,0,0.0,1,0.1293668199021165
2,6,2025-05-29 10:32:00.032150-04:00,1,10,0,0.45088501438843365,1,0.9354778325858888
2,6,2025-05-29 10:32:00.032150-04:00,1,11,1,0.46088501438843366,1,0.9415177674303695
2,6,2025-05-29 10:32:00.032150-04:00,2,20,0,1.002298329331575,1,1.121456193737824
2,6,2025-05-29 10:32:00.032150-04:00,2,21,1,1.012298329331575,1,1.1343875437398647
2,7,2025-05-29 10:32:00.032150-04:00,0,0,0,0.0,1,0.2103126768007046
2,7,2025-05-29 10:32:00.032150-04:00,1,10,0,0.45091810069185906,1,0.6509134050478692
2,7,2025-05-29 10:32:00.032150-04:00,2,20,0,0.9018750590768423,1,1.1079131681690941
2,7,2025-05-29 10:32:00.032150-04:00,2,21,1,0.9118750590768423,1,1.124462076398685
2,7,2025-05-29 10:32:00.032150-04:00,2,22,2,0.9218750590768423,1,1.1378619307821214
2,8,2025-05-29 10:32:00.032150-04:00,0,0,0,0.0,1,0.6776714098275267
2,8,2025-05-29 10:32:00.032150-04:00,1,10,0,0.7385840400741333,1,0.8918564486376014
2,8,2025-05-29 10:32:00.032150-04:00,1,11,1,0.7485840400741333,1,0.9058316746096564
2,8,2025-05-29 10:32:00.032150-04:00,1,12,2,0.7585840400741333,1,0.9344717551159176
2,8,2025-05-29 10:32:00.032150-04:00,2,20,0,1.1893533145325914,1,1.3757950341353218
2,8,2025-05-29 10:32:00.032150-04:00,2,21,1,1.1993533145325914,1,1.4204511504983128
2,8,2025-05-29 10:32:00.032150-04:00,2,22,2,1.2093533145325914,1,1.4245760364393347
2,9,2025-05-29 10:32:00.032150-04:00,0,0,0,0.0,1,0.14175688193512498
3,0,2025-05-29 10:33:00.066354-04:00,0,0,0,0.0,1,0.2370072306584508
3,0,2025-05-29 10:33:00.066354-04:00,1,10,0,0.4508543931924903,1,0.5734386064717427
3,0,2025-05-29 10:33:00.066354-04:00,2,20,0,0.901732834957456,1,1.12534396830533
3,1,2025-05-29 10:33:00.066354-04:00,0,0,0,0.0,1,0.21202789604595584
3,1,2025-05-29 10:33:00.066354-04:00,0,1,1,0.01,1,0.2303148342827417
3,1,2025-05-29 10:33:00.066354-04:00,0,2,2,0.02,1,0.2358999955902192
3,1,2025-05-29 10:33:00.066354-04:00,1,10,0,0.45086903947736606,1,0.5555914162413955
3,2,2025-05-29 10:33:00.066354-04:00,2,20,0,0.9019549900928454,1,1.191020146383556
3,3,2025-05-29 10:33:00.066354-04:00,1,10,0,0.4509237056236304,1,0.5594613840510719
3,3,2025-05-29 10:33:00.066354-04:00,1,11,1,0.4609237056236304,1,0.5605574433119745
3,3,2025-05-29 10:33:00.066354-04:00,1,12,2,0.4709237056236304,1,0.5862063676817869
3,3,2025-05-29 10:33:00.066354-04:00,2,20,0,0.9014140049235803,1,1.0613666825504409
3,3,2025-05-29 10:33:00.066354-04:00,2,21,1,0.9114140049235803,1,1.062363019553766
3,4,2025-05-29 10:33:00.066354-04:00,2,20,0,0.9018461949693061,1,1.0705607096166914
3,4,2025-05-29 10:33:00.066354-04:00,2,21,1,0.9118461949693061,1,1.0760367957729275
3,5,2025-05-29 10:33:00.066354-04:00,0,0,0,0.0,1,0.19070139936217123
3,5,2025-05-29 10:33:00.066354-04:00,0,1,1,0.01,1,0.1943020048067433
3,5,2025-05-29 10:33:00.066354-04:00,1,10,0,0.45094372013697487,1,0.9023338041413254
3,5,2025-05-29 10:33:00.066354-04:00,1,11,1,0.4609437201369749,1,0.911440378945642
3,5,2025-05-29 10:33:00.066354-04:00,2,20,0,0.9723397567235395,1,1.5870203894502652
3,6,2025-05-29 10:33:00.066354-04:00,0,0,0,0.0,1,0.13120418393696498
3,6,2025-05-29 10:33:00.066354-04:00,0,1,1,0.01,1,0.1328530475704364
3,6,2025-05-29 10:33:00.066354-04:00,0,2,2,0.02,1,0.14465683233871984
3,6,2025-05-29 10:33:00.066354-04:00,2,20,0,0.901913749752241,1,1.047096846573097
3,7,2025-05-29 10:33:00.066354-04:00,0,0,0,0.0,1,0.14979390226810985
3,7,2025-05-29 10:33:00.066354-04:00,1,10,0,0.4508955229084524,1,0.5687091636288764
3,7,2025-05-29 10:33:00.066354-04:00,1,11,1,0.4608955229084524,1,0.5742061050222012
3,7,2025-05-29 10:33:00.066354-04:00,1,12,2,0.47089552290845244,1,0.5965124151044262
3,7,2025-05-29 10:33:00.066354-04:00,2,20,0,0.9016139963360107,1,1.158677489796175
3,7,2025-05-29 10:33:00.066354-04:00,2,21,1,0.9116139963360107,1,1.1823362986117376
3,8,2025-05-29 10:33:00.066354-04:00,1,10,0,0.4509494508449312,1,0.6297369601125709
3,8,2025-05-29 10:33:00.066354-04:00,1,11,1,0.4609494508449312,1,0.6381755807253563
3,8,2025-05-29 10:33:00.066354-04:00,1,12,2,0.47094945084493123,1,0.6416433404475086
3,9,2025-05-29 10:33:00.066354-04:00,0,0,0,0.0,1,0.42310603943089886
3,9,2025-05-29 10:33:00.066354-04:00,1,10,0,0.4840962862173167,1,0.6293991940895849
3,9,2025-05-29 10:33:00.066354-04:00,2,20,0,0.9350537500313565,1,1.2751611977190445
3,9,2025-05-29 10:33:00.066354-04:00,2,21,1,0.9450537500313565,1,1.275318471546425
4,0,2025-05-29 10:34:00.013360-04:00,0,0,0,0.0,1,0.4603756060567199
4,0,2025-05-29 10:34:00.013360-04:00,1,10,0,0.5212390435961052,1,0.8906548716141232
4,0,2025-05-29 10:34:00.013360-04:00,1,11,1,0.5312390435961052,1,0.8942554874561373
4,1,2025-05-29 10:34:00.013360-04:00,0,0,0,0.0,1,0.2266323210767262
4,1,2025-05-29 10:34:00.013360-04:00,0,1,1,0.01,1,0.2448511359592918
4,1,2025-05-29 10:34:00.013360-04:00,1,10,0,0.4509575598138622,1,0.5840847702643563
4,1,2025-05-29 10:34:00.013360-04:00,1,11,1,0.4609575598138622,1,0.6003882505714487
4,1,2025-05-29 10:34:00.013360-04:00,2,20,0,0.9019196314570411,1,1.229665243027478
4,2,2025-05-29 10:34:00.013360-04:00,0,0,0,0.0,1,0.30247589554387827
4,2,2025-05-29 10:34:00.013360-04:00,0,1,1,0.01,1,0.3040327928123228
4,2,2025-05-29 10:34:00.013360-04:00,1,10,0,0.45098484770938163,1,0.7503010398828784
4,2,2025-05-29 10:34:00.013360-04:00,1,11,1,0.46098484770938164,1,0.7640664889930865
4,2,2025-05-29 10:34:00.013360-04:00,2,20,0,0.9018253999758367,1,1.0191223217220557
4,3,2025-05-29 10:34:00.013360-04:00,0,0,0,0.0,1,0.1067861967538366
4,3,2025-05-29 10:34:00.013360-04:00,0,1,1,0.01,1,0.1148366229358061
4,3,2025-05-29 10:34:00.013360-04:00,0,2,2,0.02,1,0.11954331945347847
4,3,2025-05-29 10:34:00.013360-04:00,1,10,0,0.4508324268405787,1,0.7401059858883321
4,4,2025-05-29 10:34:00.013360-04:00,0,0,0,0.0,1,0.11821289737239066
4,4,2025-05-29 10:34:00.013360-04:00,1,10,0,0.4509465483653843,1,0.7536688287914854
4,4,2025-05-29 10:34:00.013360-04:00,1,11,1,0.4609465483653843,1,0.7760853924623269
4,4,2025-05-29 10:34:00.013360-04:00,1,12,2,0.4709465483653843,1,0.7807722920721951
4,4,2025-05-29 10:34:00.013360-04:00,2,20,0,0.9019224173309333,1,1.0065883665183593
4,5,2025-05-29 10:34:00.013360-04:00,1,10,0,0.45094328723846716,1,0.6610568235764078
4,5,2025-05-29 10:34:00.013360-04:00,1,11,1,0.46094328723846717,1,0.662801030932088
4,5,2025-05-29 10:34:00.013360-04:00,1,12,2,0.4709432872384672,1,0.6694413177173296
4,5,2025-05-29 10:34:00.013360-04:00,2,20,0,0.9018631382614143,1,1.228083863959732
4,6,2025-05-29 10:34:00.013360-04:00,0,0,0,0.0,1,0.12086388039576412
4,6,2025-05-29 10:34:00.013360-04:00,0,1,1,0.01,1,0.14416607831724518
4,6,2025-05-29 10:34:00.013360-04:00,1,10,0,0.4509829012415444,1,0.6391595798742392
4,6,2025-05-29 10:34:00.013360-04:00,1,11,1,0.4609829012415444,1,0.6539534150549133
4,6,2025-05-29 10:34:00.013360-04:00,1,12,2,0.4709829012415444,1,0.6544709931244406
4,6,2025-05-29 10:34:00.013360-04:00,1,13,3,0.4809829012415444,1,0.654614868585845
4,7,2025-05-29 10:34:00.013360-04:00,0,0,0,0.0,1,0.1250561507003602
4,7,2025-05-29 10:34:00.013360-04:00,1,10,0,0.4509326238369561,1,0.6054929308582473
4,8,2025-05-29 10:34:00.013360-04:00,0,0,0,0.0,1,0.28713248298536787
4,8,2025-05-29 10:34:00.013360-04:00,0,1,1,0.01,1,0.3034637294225741
4,8,2025-05-29 10:34:00.013360-04:00,1,10,0,0.45099759918088345,1,1.16731999487008
4,8,2025-05-29 10:34:00.013360-04:00,2,20,0,1.2282289352359164,1,1.4906554231388551
4,8,2025-05-29 10:34:00.013360-04:00,2,21,1,1.2382289352359164,1,1.4961401337676319
4,8,2025-05-29 10:34:00.013360-04:00,2,22,2,1.2482289352359164,1,1.4989068931547196
4,9,2025-05-29 10:34:00.013360-04:00,0,0,0,0.0,1,0.21237024207495664
4,9,2025-05-29 10:34:00.013360-04:00,1,10,0,0.4507244849518368,1,0.5886945684772589
4,9,2025-05-29 10:34:00.013360-04:00,1,11,1,0.4607244849518368,1,0.5915455906367415
4,9,2025-05-29 10:34:00.013360-04:00,1,12,2,0.47072448495183683,1,0.5923347433059059
4,9,2025-05-29 10:34:00.013360-04:00,1,13,3,0.48072448495183684,1,0.5977330658684344
4,9,2025-05-29 10:34:00.013360-04:00,2,20,0,0.9015035831232201,1,1.2279845774404794
5,0,2025-05-29 10:35:00.009384-04:00,0,0,0,0.0,1,0.20406556420435634
5,0,2025-05-29 10:35:00.009384-04:00,0,1,1,0.01,1,0.2240778247057227
5,0,2025-05-29 10:35:00.009384-04:00,0,2,2,0.02,1,0.24901147248085626
5,0,2025-05-29 10:35:00.009384-04:00,2,20,0,0.9019513671969099,1,1.3140135264552737
5,1,2025-05-29 10:35:00.009384-04:00,0,0,0,0.0,1,0.1648496247497463
5,1,2025-05-29 10:35:00.009384-04:00,1,10,0,0.4509823407193928,1,0.6100700172603408
5,1,2025-05-29 10:35:00.009384-04:00,1,11,1,0.4609823407193928,1,0.6207548113035595
5,1,2025-05-29 10:35:00.009384-04:00,2,20,0,0.9019582466604126,1,1.2053812412318246
5,2,2025-05-29 10:35:00.009384-04:00,0,0,0,0.0,1,0.1776207670085655
5,2,2025-05-29 10:35:00.009384-04:00,1,10,0,0.4509927136270196,1,0.7685702023673968
5,2,2025-05-29 10:35:00.009384-04:00,2,20,0,0.9019383864713939,1,1.0399258940235074
5,3,2025-05-29 10:35:00.009384-04:00,0,0,0,0.0,1,0.1261858290616004
5,3,2025-05-29 10:35:00.009384-04:00,1,10,0,0.4506728249506897,1,1.2114011385779475
5,3,2025-05-29 10:35:00.009384-04:00,1,11,1,0.46067282495068973,1,1.2255559106234413
5,3,2025-05-29 10:35:00.009384-04:00,2,20,0,1.2864100454044742,1,1.448361695872618
5,3,2025-05-29 10:35:00.009384-04:00,2,21,1,1.2964100454044742,1,1.452474098026762
5,4,2025-05-29 10:35:00.009384-04:00,0,0,0,0.0,1,0.1402533351198546
5,4,2025-05-29 10:35:00.009384-04:00,2,20,0,0.9017358210802108,1,1.0840956982193755
5,5,2025-05-29 10:35:00.009384-04:00,0,0,0,0.0,1,0.35469716550560615
5,5,2025-05-29 10:35:00.009384-04:00,0,1,1,0.01,1,0.36180878100728786
5,5,2025-05-29 10:35:00.009384-04:00,1,10,0,0.45083550446785775,1,0.55201868947854
5,5,2025-05-29 10:35:00.009384-04:00,1,11,1,0.46083550446785776,1,0.5555364770432939
5,6,2025-05-29 10:35:00.009384-04:00,0,0,0,0.0,1,0.25729625814128665
5,6,2025-05-29 10:35:00.009384-04:00,1,10,0,0.45093608081670256,1,0.6180511725339548
5,6,2025-05-29 10:35:00.009384-04:00,2,20,0,0.9019094385751014,1,1.0409725662738043
5,7,2025-05-29 10:35:00.009384-04:00,0,0,0,0.0,1,0.20450696135041305
5,7,2025-05-29 10:35:00.009384-04:00,1,10,0,0.4509007847980386,1,0.6886025412694816
5,7,2025-05-29 10:35:00.009384-04:00,2,20,0,0.9018528649617905,1,2.052009582780723
5,8,2025-05-29 10:35:00.009384-04:00,0,0,0,0.0,1,0.11455977548015633
5,8,2025-05-29 10:35:00.009384-04:00,1,10,0,0.4509042236306074,1,0.5607282599789024
5,8,2025-05-29 10:35:00.009384-04:00,2,20,0,0.9018852981790162,1,1.0491603040266846
5,8,2025-05-29 10:35:00.009384-04:00,2,21,1,0.9118852981790162,1,1.0700625900325689
5,8,2025-05-29 10:35:00.009384-04:00,2,22,2,0.9218852981790162,1,1.0766937114885153
5,9,2025-05-29 10:35:00.009384-04:00,1,10,0,0.4508523249096123,1,0.6694644999090071
5,9,2025-05-29 10:35:00.009384-04:00,1,11,1,0.4608523249096123,1,0.6765470809667975
5,9,2025-05-29 10:35:00.009384-04:00,2,20,0,0.9017948127454676,1,1.1849988530035538
5,9,2025-05-29 10:35:00.009384-04:00,2,21,1,0.9117948127454676,1,1.2012649941431472
6,0,2025-05-29 10:36:00.033398-04:00,0,0,0,0.0,1,0.14373369050149334
6,0,2025-05-29 10:36:00.033398-04:00,0,1,1,0.01,1,0.16929623596343088
6,0,2025-05-29 10:36:00.033398-04:00,0,2,2,0.02,1,0.18074375485086264
6,0,2025-05-29 10:36:00.033398-04:00,0,3,3,0.03,1,0.1878617868497539
6,0,2025-05-29 10:36:00.033398-04:00,0,4,4,0.04,1,0.18834946348965406
6,0,2025-05-29 10:36:00.033398-04:00,1,10,0,0.45097808502872716,1,0.6206235033299923
6,1,2025-05-29 10:36:00.033398-04:00,0,0,0,0.0,1,0.6477175086527345
6,1,2025-05-29 10:36:00.033398-04:00,2,20,0,1.159443616676303,1,1.2815896571984875
6,1,2025-05-29 10:36:00.033398-04:00,2,21,1,1.169443616676303,1,1.2881625436715838
6,1,2025-05-29 10:36:00.033398-04:00,2,22,2,1.179443616676303,1,1.2941067628228051
6,2,2025-05-29 10:36:00.033398-04:00,1,10,0,0.45087711153662025,1,0.6354525641581681
6,2,2025-05-29 10:36:00.033398-04:00,1,11,1,0.46087711153662025,1,0.638203416868757
6,2,2025-05-29 10:36:00.033398-04:00,2,20,0,0.9018038763139403,1,1.073455329713387
6,2,2025-05-29 10:36:00.033398-04:00,2,21,1,0.9118038763139403,1,1.0752519211155782
6,3,2025-05-29 10:36:00.033398-04:00,2,20,0,0.9019474155421578,1,1.0484558143469607
6,4,2025-05-29 10:36:00.033398-04:00,0,0,0,0.0,1,0.6738899995898007
6,4,2025-05-29 10:36:00.033398-04:00,1,10,0,0.7348867935207377,1,0.9207186270281897
6,5,2025-05-29 10:36:00.033398-04:00,0,0,0,0.0,1,0.5534222285694615
6,5,2025-05-29 10:36:00.033398-04:00,1,10,0,0.6141077190518501,1,0.808566247227107
6,5,2025-05-29 10:36:00.033398-04:00,1,11,1,0.6241077190518501,1,0.8103106756813792
6,5,2025-05-29 10:36:00.033398-04:00,1,12,2,0.6341077190518501,1,0.8270275720222626
6,5,2025-05-29 10:36:00.033398-04:00,1,13,3,0.6441077190518502,1,0.8320538837528557
6,5,2025-05-29 10:36:00.033398-04:00,1,14,4,0.6541077190518502,1,0.8642393115662649
6,5,2025-05-29 10:36:00.033398-04:00,1,15,5,0.6641077190518502,1,0.869383895312907
6,5,2025-05-29 10:36:00.033398-04:00,2,20,0,1.0648085687509903,1,1.220706610378963
6,5,2025-05-29 10:36:00.033398-04:00,2,21,1,1.0748085687509903,1,1.2273805987093538
6,5,2025-05-29 10:36:00.033398-04:00,2,22,2,1.0848085687509903,1,1.232149647935701
6,6,2025-05-29 10:36:00.033398-04:00,0,0,0,0.0,1,0.4101508316626712
6,6,2025-05-29 10:36:00.033398-04:00,0,1,1,0.01,1,0.4258086740056583
6,6,2025-05-29 10:36:00.033398-04:00,1,10,0,0.48670914860572656,1,0.9202645249319573
6,7,2025-05-29 10:36:00.033398-04:00,0,0,0,0.0,1,0.22152197614238447
6,7,2025-05-29 10:36:00.033398-04:00,1,10,0,0.45097392371154643,1,0.8604138307591411
6,7,2025-05-29 10:36:00.033398-04:00,1,11,1,0.46097392371154644,1,0.8644381443714975
6,7,2025-05-29 10:36:00.033398-04:00,2,20,0,0.9252691745131526,1,1.135308823856669
6,7,2025-05-29 10:36:00.033398-04:00,2,21,1,0.9352691745131526,1,1.1388715177241486
6,8,2025-05-29 10:36:00.033398-04:00,0,0,0,0.0,1,0.12847536118351258
6,8,2025-05-29 10:36:00.033398-04:00,1,10,0,0.45095787930535497,1,0.572092177125041
6,8,2025-05-29 10:36:00.033398-04:00,2,20,0,0.9019396755437351,1,1.109768296071843
6,9,2025-05-29 10:36:00.033398-04:00,0,0,0,0.0,1,0.1498732795053167
7,0,2025-05-29 10:37:00.039419-04:00,1,10,0,0.45087685727289695,1,0.6128681855183511
7,0,2025-05-29 10:37:00.039419-04:00,1,11,1,0.46087685727289696,1,0.6173067054524691
7,0,2025-05-29 10:37:00.039419-04:00,1,12,2,0.47087685727289696,1,0.6205298289625205
7,1,2025-05-29 10:37:00.039419-04:00,1,10,0,0.4509944689705625,1,0.5796759176949152
7,2,2025-05-29 10:37:00.039419-04:00,1,10,0,0.4508176436430916,1,0.6067141791879227
7,2,2025-05-29 10:37:00.039419-04:00,1,11,1,0.46081764364309163,1,0.6157551319424219
7,2,2025-05-29 10:37:00.039419-04:00,2,20,0,0.9017192727970036,1,1.142910444342193
7,3,2025-05-29 10:37:00.039419-04:00,0,0,0,0.0,1,0.18422317326331583
7,3,2025-05-29 10:37:00.039419-04:00,0,1,1,0.01,1,0.20739032268554974
7,3,2025-05-29 10:37:00.039419-04:00,1,10,0,0.4509156663478048,1,0.5682669880255926
7,3,2025-05-29 10:37:00.039419-04:00,2,20,0,0.9019077646172533,1,1.0470667677291436
7,4,2025-05-29 10:37:00.039419-04:00,1,10,0,0.4509825626175848,1,0.5957132832560523
7,4,2025-05-29 10:37:00.039419-04:00,2,20,0,0.9018405889050977,1,1.022959757664208
7,4,2025-05-29 10:37:00.039419-04:00,2,21,1,0.9118405889050977,1,1.0375930173911174
7,5,2025-05-29 10:37:00.039419-04:00,0,0,0,0.0,1,0.10857046869979764
7,5,2025-05-29 10:37:00.039419-04:00,0,1,1,0.01,1,0.11213047111095398
7,5,2025-05-29 10:37:00.039419-04:00,1,10,0,0.45099078702128637,1,0.6202918346626443
7,6,2025-05-29 10:37:00.039419-04:00,0,0,0,0.0,1,0.1260433328652936
7,6,2025-05-29 10:37:00.039419-04:00,1,10,0,0.45092506513068215,1,0.6352231956584395
7,6,2025-05-29 10:37:00.039419-04:00,1,11,1,0.46092506513068215,1,0.6650271471956982
7,6,2025-05-29 10:37:00.039419-04:00,2,20,0,0.9017546820073787,1,1.0716423069320538
7,6,2025-05-29 10:37:00.039419-04:00,2,21,1,0.9117546820073787,1,1.0794930797358488
7,8,2025-05-29 10:37:00.039419-04:00,0,0,0,0.0,1,0.5565391941315321
7,8,2025-05-29 10:37:00.039419-04:00,0,1,1,0.01,1,0.559300076637609
7,8,2025-05-29 10:37:00.039419-04:00,1,10,0,0.6201007912705487,1,0.7911868221854331
7,8,2025-05-29 10:37:00.039419-04:00,1,11,1,0.6301007912705487,1,0.7973689441881243
7,9,2025-05-29 10:37:00.039419-04:00,0,0,0,0.0,1,0.7982208391138188
7,9,2025-05-29 10:37:00.039419-04:00,1,10,0,0.8591926518722273,1,0.9856226068433288
7,9,2025-05-29 10:37:00.039419-04:00,1,11,1,0.8691926518722273,1,0.990227562282397
7,9,2025-05-29 10:37:00.039419-04:00,2,20,0,1.3100137063275001,1,1.592929425930424
8,0,2025-05-29 10:38:00.038046-04:00,0,0,0,0.0,1,0.16508440109560635
8,0,2025-05-29 10:38:00.038046-04:00,0,1,1,0.01,1,0.18341805490780555
8,0,2025-05-29 10:38:00.038046-04:00,0,2,2,0.02,1,0.19393096351689365
8,0,2025-05-29 10:38:00.038046-04:00,1,10,0,0.4509236160196201,1,0.5801986520343615
8,1,2025-05-29 10:38:00.038046-04:00,0,0,0,0.0,1,0.1501136441340344
8,1,2025-05-29 10:38:00.038046-04:00,1,10,0,0.4509520759174626,1,0.7523686649125976
8,1,2025-05-29 10:38:00.038046-04:00,1,11,1,0.4609520759174626,1,0.7696651712946571
8,1,2025-05-29 10:38:00.038046-04:00,2,20,0,0.9016847098426388,1,1.1626318494131462
8,2,2025-05-29 10:38:00.038046-04:00,0,0,0,0.0,1,0.2918175416067813
8,2,2025-05-29 10:38:00.038046-04:00,1,10,0,0.45074388230042745,1,0.5894642747178243
8,2,2025-05-29 10:38:00.038046-04:00,2,20,0,0.9016591766982904,1,1.137072705022616
8,3,2025-05-29 10:38:00.038046-04:00,0,0,0,0.0,1,0.14423940592939105
8,3,2025-05-29 10:38:00.038046-04:00,0,1,1,0.01,1,0.15206130609872745
8,3,2025-05-29 10:38:00.038046-04:00,0,2,2,0.02,1,0.15799223966019493
8,3,2025-05-29 10:38:00.038046-04:00,2,20,0,0.9018646487236391,1,1.1459199931966189
8,3,2025-05-29 10:38:00.038046-04:00,2,21,1,0.9118646487236391,1,1.1536063599016104
8,4,2025-05-29 10:38:00.038046-04:00,0,0,0,0.0,1,0.24186820341215268
8,4,2025-05-29 10:38:00.038046-04:00,0,1,1,0.01,1,0.24343160940178682
8,4,2025-05-29 10:38:00.038046-04:00,1,10,0,0.45064968862404675,1,0.5634003503845747
8,4,2025-05-29 10:38:00.038046-04:00,1,11,1,0.46064968862404676,1,0.5766770163836251
8,5,2025-05-29 10:38:00.038046-04:00,0,0,0,0.0,1,0.24873061161474097
8,5,2025-05-29 10:38:00.038046-04:00,0,1,1,0.01,1,0.2584436761830083
8,5,2025-05-29 10:38:00.038046-04:00,1,10,0,0.4509425907290795,1,0.7986544298320275
8,5,2025-05-29 10:38:00.038046-04:00,1,11,1,0.4609425907290795,1,0.802912414194648
8,5,2025-05-29 10:38:00.038046-04:00,1,12,2,0.4709425907290795,1,0.8140817856626559
8,5,2025-05-29 10:38:00.038046-04:00,1,13,3,0.4809425907290795,1,0.8194134970067024
8,5,2025-05-29 10:38:00.038046-04:00,1,14,4,0.4909425907290795,1,0.8368864824184297
8,5,2025-05-29 10:38:00.038046-04:00,2,20,0,0.9018854850924988,1,1.1265839516160696
8,6,2025-05-29 10:38:00.038046-04:00,0,0,0,0.0,1,0.24479563938113152
8,6,2025-05-29 10:38:00.038046-04:00,0,1,1,0.01,1,0.24917372837541416
8,7,2025-05-29 10:38:00.038046-04:00,0,0,0,0.0,1,0.10812137978036275
8,7,2025-05-29 10:38:00.038046-04:00,0,1,1,0.01,1,0.11851908083928453
8,7,2025-05-29 10:38:00.038046-04:00,0,2,2,0.02,1,0.12327405709780692
8,7,2025-05-29 10:38:00.038046-04:00,1,10,0,0.4509336018964325,1,0.5830619649037884
8,7,2025-05-29 10:38:00.038046-04:00,2,20,0,0.9019335342571697,1,1.007486544101401
8,8,2025-05-29 10:38:00.038046-04:00,0,0,0,0.0,1,0.3514161801649326
8,8,2025-05-29 10:38:00.038046-04:00,0,1,1,0.01,1,0.3632660201053986
8,8,2025-05-29 10:38:00.038046-04:00,0,2,2,0.02,1,0.3662156778513608
8,8,2025-05-29 10:38:00.038046-04:00,1,10,0,0.45086323452873256,1,0.8057998802617714
8,8,2025-05-29 10:38:00.038046-04:00,2,20,0,0.9016518516355904,1,1.052958947600824
8,8,2025-05-29 10:38:00.038046-04:00,2,21,1,0.9116518516355904,1,1.0615727510139992
8,8,2025-05-29 10:38:00.038046-04:00,2,22,2,0.9216518516355904,1,1.0737599803190931
8,9,2025-05-29 10:38:00.038046-04:00,1,10,0,0.45099340006252764,1,0.9265078004696181
8,9,2025-05-29 10:38:00.038046-04:00,2,20,0,0.9873522791137225,1,1.2769927122601752
8,9,2025-05-29 10:38:00.038046-04:00,2,21,1,0.9973522791137225,1,1.2846618341056626
8,9,2025-05-29 10:38:00.038046-04:00,2,22,2,1.0073522791137224,1,1.2869182555397567
9,0,2025-05-29 10:39:00.069477-04:00,2,20,0,0.901907589476298,1,1.0555320930377383
9,1,2025-05-29 10:39:00.069477-04:00,0,0,0,0.0,1,0.10901595413831405
9,1,2025-05-29 10:39:00.069477-04:00,0,1,1,0.01,1,0.11392881703706127
9,1,2025-05-29 10:39:00.069477-04:00,0,2,2,0.02,1,0.11980589620864293
9,1,2025-05-29 10:39:00.069477-04:00,2,20,0,0.9015074412027255,1,1.0070774670381855
9,1,2025-05-29 10:39:00.069477-04:00,2,21,1,0.9115074412027255,1,1.015817636862177
9,2,2025-05-29 10:39:00.069477-04:00,0,0,0,0.0,1,0.12561081485143638
9,2,2025-05-29 10:39:00.069477-04:00,0,1,1,0.01,1,0.12602850643144475
9,2,2025-05-29 10:39:00.069477-04:00,1,10,0,0.4509541074366136,1,0.5871963550603451
9,2,2025-05-29 10:39:00.069477-04:00,1,11,1,0.46095410743661364,1,0.5978613009767105
9,3,2025-05-29 10:39:00.069477-04:00,0,0,0,0.0,1,0.10293013210587212
9,3,2025-05-29 10:39:00.069477-04:00,0,1,1,0.01,1,0.11517650622825656
9,3,2025-05-29 10:39:00.069477-04:00,2,20,0,0.9015939207753845,1,1.0664776650479428
9,3,2025-05-29 10:39:00.069477-04:00,2,21,1,0.9115939207753845,1,1.0748058902309112
9,3,2025-05-29 10:39:00.069477-04:00,2,22,2,0.9215939207753845,1,1.0865496822086278
9,3,2025-05-29 10:39:00.069477-04:00,2,23,3,0.9315939207753845,1,1.0904700837942687
9,4,2025-05-29 10:39:00.069477-04:00,0,0,0,0.0,1,0.22513742873868955
9,4,2025-05-29 10:39:00.069477-04:00,1,10,0,0.4508067832380586,1,0.6697557104108613
9,4,2025-05-29 10:39:00.069477-04:00,2,20,0,0.901647546750024,1,1.105095834626836
9,5,2025-05-29 10:39:00.069477-04:00,0,0,0,0.0,1,0.38341573456367606
9,5,2025-05-29 10:39:00.069477-04:00,0,1,1,0.01,1,0.4202920943305288
9,5,2025-05-29 10:39:00.069477-04:00,1,10,0,0.4811190824017362,1,0.7756877692334417
9,6,2025-05-29 10:39:00.069477-04:00,0,0,0,0.0,1,0.2464468158197384
9,6,2025-05-29 10:39:00.069477-04:00,0,1,1,0.01,1,0.25118620364541266
9,6,2025-05-29 10:39:00.069477-04:00,1,10,0,0.4509674397329922,1,0.7452393100439249
9,7,2025-05-29 10:39:00.069477-04:00,0,0,0,0.0,1,0.6141343398533409
9,7,2025-05-29 10:39:00.069477-04:00,1,10,0,0.6750215774275742,1,0.9001242201077005
9,7,2025-05-29 10:39:00.069477-04:00,1,11,1,0.6850215774275742,1,0.9083454164354271
9,7,2025-05-29 10:39:00.069477-04:00,2,20,0,1.1259332036267191,1,1.2745121657361789
9,7,2025-05-29 10:39:00.069477-04:00,2,21,1,1.1359332036267191,1,1.276100555929538
9,7,2025-05-29 10:39:00.069477-04:00,2,22,2,1.1459332036267191,1,1.2780383234550083
9,8,2025-05-29 10:39:00.069477-04:00,0,0,0,0.0,1,0.5066342084704688
9,8,2025-05-29 10:39:00.069477-04:00,1,10,0,0.5674510356748025,1,0.8718079447735501
9,9,2025-05-29 10:39:00.069477-04:00,0,0,0,0.0,1,0.13292737279940883
9,9,2025-05-29 10:39:00.069477-04:00,2,20,0,0.9018564832058494,1,1.0018848960165823
9,9,2025-05-29 10:39:00.069477-04:00,2,21,1,0.9118564832058494,1,1.0040493015079144
