episode_id,policy_path_id,window_start,cycle_id,cycle_start_time_s,posting_end_time_s,cycle_end_time_s,n_posted_orders,n_filled_orders,n_canceled_orders
0,0,2025-05-29 10:30:00.006003-04:00,0,0.0,0.1,0.4007054283434254,10,0,10
0,0,2025-05-29 10:30:00.006003-04:00,1,0.45070542834342536,0.5507054283434254,0.8766448432461652,10,1,9
0,0,2025-05-29 10:30:00.006003-04:00,2,0.9266448432461653,1.0266448432461652,1.3276146532142081,10,0,10
0,1,2025-05-29 10:30:00.006003-04:00,0,0.0,0.1,0.4009849262282567,10,1,9
0,1,2025-05-29 10:30:00.006003-04:00,1,0.4509849262282567,0.5509849262282567,0.8519358918308337,10,1,9
0,1,2025-05-29 10:30:00.006003-04:00,2,0.9019358918308338,1.0019358918308339,1.3027825804570443,10,1,9
0,2,2025-05-29 10:30:00.006003-04:00,0,0.0,0.1,0.4007478485168263,10,2,8
0,2,2025-05-29 10:30:00.006003-04:00,1,0.4507478485168263,0.5507478485168263,0.8516583240208907,10,2,8
0,2,2025-05-29 10:30:00.006003-04:00,2,0.9016583240208907,1.0016583240208907,1.302613906772709,10,1,9
0,3,2025-05-29 10:30:00.006003-04:00,0,0.0,0.1,0.4008603634598375,10,1,9
0,3,2025-05-29 10:30:00.006003-04:00,1,0.4508603634598375,0.5508603634598375,0.8517110781690638,10,2,8
0,3,2025-05-29 10:30:00.006003-04:00,2,0.9017110781690638,1.001711078169064,1.3025216653988487,10,2,8
0,4,2025-05-29 10:30:00.006003-04:00,0,0.0,0.1,0.4009280680086832,10,1,9
0,4,2025-05-29 10:30:00.006003-04:00,1,0.4509280680086832,0.5509280680086832,0.8519176401298592,10,2,8
0,4,2025-05-29 10:30:00.006003-04:00,2,0.9019176401298592,1.0019176401298593,1.3028865793077005,10,5,5
0,5,2025-05-29 10:30:00.006003-04:00,0,0.0,0.1,0.4009920165284184,10,1,9
0,5,2025-05-29 10:30:00.006003-04:00,1,0.4509920165284184,0.5509920165284184,0.8519847587652122,10,2,8
0,5,2025-05-29 10:30:00.006003-04:00,2,0.9019847587652122,1.0019847587652122,1.302963501767098,10,1,9
0,6,2025-05-29 10:30:00.006003-04:00,0,0.0,0.1,0.4009539437520781,10,0,10
0,6,2025-05-29 10:30:00.006003-04:00,1,0.4509539437520781,0.5509539437520781,0.8519469760814163,10,1,9
0,6,2025-05-29 10:30:00.006003-04:00,2,0.9019469760814164,1.0019469760814164,1.4225517391995544,10,3,7
0,7,2025-05-29 10:30:00.006003-04:00,0,0.0,0.1,0.4009901283324019,10,0,10
0,7,2025-05-29 10:30:00.006003-04:00,1,0.4509901283324019,0.5509901283324019,0.8518998576512288,10,1,9
0,7,2025-05-29 10:30:00.006003-04:00,2,0.9018998576512288,1.0018998576512288,1.3028876464796249,10,1,9
0,8,2025-05-29 10:30:00.006003-04:00,0,0.0,0.1,0.40086413522959563,10,0,10
0,8,2025-05-29 10:30:00.006003-04:00,1,0.4508641352295956,0.5508641352295957,0.8518385623260482,10,2,8
0,8,2025-05-29 10:30:00.006003-04:00,2,0.9018385623260482,1.0018385623260482,1.3028059406363903,10,0,10
0,9,2025-05-29 10:30:00.006003-04:00,0,0.0,0.1,0.4008565130928717,10,4,6
0,9,2025-05-29 10:30:00.006003-04:00,1,0.45085651309287167,0.5508565130928716,0.8517147259926039,10,2,8
0,9,2025-05-29 10:30:00.006003-04:00,2,0.9017147259926039,1.001714725992604,1.302695832638997,10,3,7
1,0,2025-05-29 10:31:00.019683-04:00,0,0.0,0.1,0.5539993409186466,10,1,9
1,0,2025-05-29 10:31:00.019683-04:00,1,0.6039993409186466,0.7039993409186466,1.165707645119323,10,2,8
1,0,2025-05-29 10:31:00.019683-04:00,2,1.215707645119323,1.315707645119323,1.6166845122823041,10,2,8
1,1,2025-05-29 10:31:00.019683-04:00,0,0.0,0.1,0.40084383707027166,10,2,8
1,1,2025-05-29 10:31:00.019683-04:00,1,0.45084383707027165,0.5508438370702716,0.8517235223305252,10,3,7
1,1,2025-05-29 10:31:00.019683-04:00,2,0.9017235223305252,1.0017235223305252,1.302658552602658,10,1,9
1,2,2025-05-29 10:31:00.019683-04:00,0,0.0,0.1,0.40089012593659545,10,3,7
1,2,2025-05-29 10:31:00.019683-04:00,1,0.45089012593659544,0.5508901259365955,0.8515847160455813,10,2,8
1,2,2025-05-29 10:31:00.019683-04:00,2,0.9015847160455813,1.0015847160455813,1.3024509184403525,10,3,7
1,3,2025-05-29 10:31:00.019683-04:00,0,0.0,0.1,0.40087195134881487,10,2,8
1,3,2025-05-29 10:31:00.019683-04:00,1,0.45087195134881486,0.5508719513488148,0.8518543598421883,10,3,7
1,3,2025-05-29 10:31:00.019683-04:00,2,0.9018543598421883,1.0018543598421883,1.302743099949493,10,2,8
1,4,2025-05-29 10:31:00.019683-04:00,0,0.0,0.1,0.40089658832566655,10,0,10
1,4,2025-05-29 10:31:00.019683-04:00,1,0.45089658832566654,0.5508965883256666,0.8518452560489502,10,0,10
1,4,2025-05-29 10:31:00.019683-04:00,2,0.9018452560489503,1.0018452560489504,1.302799281188401,10,1,9
1,5,2025-05-29 10:31:00.019683-04:00,0,0.0,0.1,0.4009529908682803,10,2,8
1,5,2025-05-29 10:31:00.019683-04:00,1,0.4509529908682803,0.5509529908682803,0.8518509252007569,10,2,8
1,5,2025-05-29 10:31:00.019683-04:00,2,0.9018509252007569,1.001850925200757,1.3028299851943812,10,0,10
1,6,2025-05-29 10:31:00.019683-04:00,0,0.0,0.1,0.4009495635192186,10,0,10
1,6,2025-05-29 10:31:00.019683-04:00,1,0.4509495635192186,0.5509495635192186,0.8517610616608946,10,2,8
1,6,2025-05-29 10:31:00.019683-04:00,2,0.9017610616608946,1.0017610616608947,1.3026169417339952,10,3,7
1,7,2025-05-29 10:31:00.019683-04:00,0,0.0,0.1,0.4009965056103379,10,1,9
1,7,2025-05-29 10:31:00.019683-04:00,1,0.4509965056103379,0.5509965056103379,0.8519428072640564,10,4,6
1,7,2025-05-29 10:31:00.019683-04:00,2,0.9019428072640564,1.0019428072640564,1.3028935552601628,10,1,9
1,8,2025-05-29 10:31:00.019683-04:00,0,0.0,0.1,0.4008576604931475,10,2,8
1,8,2025-05-29 10:31:00.019683-04:00,1,0.4508576604931475,0.5508576604931475,0.8517728727548665,10,0,10
1,8,2025-05-29 10:31:00.019683-04:00,2,0.9017728727548665,1.0017728727548665,1.3026288851265886,10,1,9
1,9,2025-05-29 10:31:00.019683-04:00,0,0.0,0.1,0.40094518176186544,10,0,10
1,9,2025-05-29 10:31:00.019683-04:00,1,0.45094518176186543,0.5509451817618655,0.8519120227763434,10,2,8
1,9,2025-05-29 10:31:00.019683-04:00,2,0.9019120227763434,1.0019120227763434,1.3026991124013065,10,3,7
2,0,2025-05-29 10:32:00.032150-04:00,0,0.0,0.1,0.40089007009156313,10,0,10
2,0,2025-05-29 10:32:00.032150-04:00,1,0.4508900700915631,0.5508900700915631,0.8518407064686965,10,1,9
2,0,2025-05-29 10:32:00.032150-04:00,2,0.9018407064686965,1.0018407064686965,1.3028163209190722,10,1,9
2,1,2025-05-29 10:32:00.032150-04:00,0,0.0,0.1,0.4009227810986844,10,2,8
2,1,2025-05-29 10:32:00.032150-04:00,1,0.4509227810986844,0.5509227810986844,0.8516606045165593,10,1,9
2,1,2025-05-29 10:32:00.032150-04:00,2,0.9016606045165594,1.0016606045165595,1.3024841710508503,10,2,8
2,2,2025-05-29 10:32:00.032150-04:00,0,0.0,0.1,0.40095516649220925,10,3,7
2,2,2025-05-29 10:32:00.032150-04:00,1,0.45095516649220924,0.5509551664922092,0.961232461505695,10,1,9
2,2,2025-05-29 10:32:00.032150-04:00,2,1.011232461505695,1.111232461505695,1.4118018815083435,10,2,8
2,3,2025-05-29 10:32:00.032150-04:00,0,0.0,0.1,0.4007779452357535,10,2,8
2,3,2025-05-29 10:32:00.032150-04:00,1,0.4507779452357535,0.5507779452357535,0.8516505325185355,10,0,10
2,3,2025-05-29 10:32:00.032150-04:00,2,0.9016505325185356,1.0016505325185356,1.3023919052180575,10,0,10
2,4,2025-05-29 10:32:00.032150-04:00,0,0.0,0.1,0.40088669496500295,10,3,7
2,4,2025-05-29 10:32:00.032150-04:00,1,0.45088669496500294,0.550886694965003,0.8518399229721832,10,1,9
2,4,2025-05-29 10:32:00.032150-04:00,2,0.9018399229721833,1.0018399229721833,1.3027381900703352,10,0,10
2,5,2025-05-29 10:32:00.032150-04:00,0,0.0,0.1,0.40086809975977933,10,0,10
2,5,2025-05-29 10:32:00.032150-04:00,1,0.4508680997597793,0.5508680997597794,0.8514977004199038,10,2,8
2,5,2025-05-29 10:32:00.032150-04:00,2,0.9014977004199038,1.001497700419904,1.302357632731824,10,0,10
2,6,2025-05-29 10:32:00.032150-04:00,0,0.0,0.1,0.40088501438843366,10,1,9
2,6,2025-05-29 10:32:00.032150-04:00,1,0.45088501438843365,0.5508850143884336,0.952298329331575,10,2,8
2,6,2025-05-29 10:32:00.032150-04:00,2,1.002298329331575,1.1022983293315751,1.4032554686296745,10,2,8
2,7,2025-05-29 10:32:00.032150-04:00,0,0.0,0.1,0.40091810069185907,10,1,9
2,7,2025-05-29 10:32:00.032150-04:00,1,0.45091810069185906,0.5509181006918591,0.8518750590768422,10,1,9
2,7,2025-05-29 10:32:00.032150-04:00,2,0.9018750590768423,1.0018750590768424,1.302808437676559,10,3,7
2,8,2025-05-29 10:32:00.032150-04:00,0,0.0,0.1,0.6885840400741332,10,1,9
2,8,2025-05-29 10:32:00.032150-04:00,1,0.7385840400741333,0.8385840400741332,1.1393533145325914,10,3,7
2,8,2025-05-29 10:32:00.032150-04:00,2,1.1893533145325914,1.2893533145325915,1.5901872290632935,10,3,7
2,9,2025-05-29 10:32:00.032150-04:00,0,0.0,0.1,0.40079858608547686,10,1,9
2,9,2025-05-29 10:32:00.032150-04:00,1,0.45079858608547685,0.5507985860854768,0.8517148579759716,10,0,10
2,9,2025-05-29 10:32:00.032150-04:00,2,0.9017148579759716,1.0017148579759716,1.302581270398069,10,0,10
3,0,2025-05-29 10:33:00.066354-04:00,0,0.0,0.1,0.40085439319249033,10,1,9
3,0,2025-05-29 10:33:00.066354-04:00,1,0.4508543931924903,0.5508543931924903,0.851732834957456,10,1,9
3,0,2025-05-29 10:33:00.066354-04:00,2,0.901732834957456,1.0017328349574561,1.3026479409176202,10,1,9
3,1,2025-05-29 10:33:00.066354-04:00,0,0.0,0.1,0.4008690394773661,10,3,7
3,1,2025-05-29 10:33:00.066354-04:00,1,0.45086903947736606,0.5508690394773661,0.8518562032009899,10,1,9
3,1,2025-05-29 10:33:00.066354-04:00,2,0.9018562032009899,1.00185620320099,1.3028273677888922,10,0,10
3,2,2025-05-29 10:33:00.066354-04:00,0,0.0,0.1,0.40097860848557004,10,0,10
3,2,2025-05-29 10:33:00.066354-04:00,1,0.45097860848557003,0.55097860848557,0.8519549900928454,10,0,10
3,2,2025-05-29 10:33:00.066354-04:00,2,0.9019549900928454,1.0019549900928455,1.302680201900815,10,1,9
3,3,2025-05-29 10:33:00.066354-04:00,0,0.0,0.1,0.4009237056236304,10,0,10
3,3,2025-05-29 10:33:00.066354-04:00,1,0.4509237056236304,0.5509237056236304,0.8514140049235802,10,3,7
3,3,2025-05-29 10:33:00.066354-04:00,2,0.9014140049235803,1.0014140049235802,1.302245184973233,10,2,8
3,4,2025-05-29 10:33:00.066354-04:00,0,0.0,0.1,0.4008925056791659,10,0,10
3,4,2025-05-29 10:33:00.066354-04:00,1,0.4508925056791659,0.5508925056791659,0.851846194969306,10,0,10
3,4,2025-05-29 10:33:00.066354-04:00,2,0.9018461949693061,1.001846194969306,1.3027053336676628,10,2,8
3,5,2025-05-29 10:33:00.066354-04:00,0,0.0,0.1,0.4009437201369749,10,2,8
3,5,2025-05-29 10:33:00.066354-04:00,1,0.45094372013697487,0.5509437201369749,0.9223397567235394,10,2,8
3,5,2025-05-29 10:33:00.066354-04:00,2,0.9723397567235395,1.0723397567235395,1.59798130324309,10,1,9
3,6,2025-05-29 10:33:00.066354-04:00,0,0.0,0.1,0.40091761727301567,10,3,7
3,6,2025-05-29 10:33:00.066354-04:00,1,0.45091761727301566,0.5509176172730157,0.851913749752241,10,0,10
3,6,2025-05-29 10:33:00.066354-04:00,2,0.901913749752241,1.001913749752241,1.3028990226774415,10,1,9
3,7,2025-05-29 10:33:00.066354-04:00,0,0.0,0.1,0.40089552290845243,10,1,9
3,7,2025-05-29 10:33:00.066354-04:00,1,0.4508955229084524,0.5508955229084525,0.8516139963360106,10,3,7
3,7,2025-05-29 10:33:00.066354-04:00,2,0.9016139963360107,1.0016139963360107,1.3025888115952942,10,2,8
3,8,2025-05-29 10:33:00.066354-04:00,0,0.0,0.1,0.4009494508449312,10,0,10
3,8,2025-05-29 10:33:00.066354-04:00,1,0.4509494508449312,0.5509494508449312,0.8518744120774981,10,3,7
3,8,2025-05-29 10:33:00.066354-04:00,2,0.9018744120774982,1.0018744120774983,1.302700668798217,10,0,10
3,9,2025-05-29 10:33:00.066354-04:00,0,0.0,0.1,0.4340962862173167,10,1,9
3,9,2025-05-29 10:33:00.066354-04:00,1,0.4840962862173167,0.5840962862173167,0.8850537500313564,10,1,9
3,9,2025-05-29 10:33:00.066354-04:00,2,0.9350537500313565,1.0350537500313566,1.3359740381236922,10,2,8
4,0,2025-05-29 10:34:00.013360-04:00,0,0.0,0.1,0.4712390435961052,10,1,9
4,0,2025-05-29 10:34:00.013360-04:00,1,0.5212390435961052,0.6212390435961052,0.9221579992135339,10,2,8
4,0,2025-05-29 10:34:00.013360-04:00,2,0.972157999213534,1.072157999213534,1.3731404896585149,10,0,10
4,1,2025-05-29 10:34:00.013360-04:00,0,0.0,0.1,0.4009575598138622,10,2,8
4,1,2025-05-29 10:34:00.013360-04:00,1,0.4509575598138622,0.5509575598138622,0.8519196314570411,10,2,8
4,1,2025-05-29 10:34:00.013360-04:00,2,0.9019196314570411,1.001919631457041,1.302862669569067,10,1,9
4,2,2025-05-29 10:34:00.013360-04:00,0,0.0,0.1,0.40098484770938164,10,2,8
4,2,2025-05-29 10:34:00.013360-04:00,1,0.45098484770938163,0.5509848477093816,0.8518253999758366,10,2,8
4,2,2025-05-29 10:34:00.013360-04:00,2,0.9018253999758367,1.0018253999758366,1.302815736323347,10,1,9
4,3,2025-05-29 10:34:00.013360-04:00,0,0.0,0.1,0.40083242684057874,10,3,7
4,3,2025-05-29 10:34:00.013360-04:00,1,0.4508324268405787,0.5508324268405788,0.8515796872070507,10,1,9
4,3,2025-05-29 10:34:00.013360-04:00,2,0.9015796872070507,1.0015796872070508,1.3024266874828336,10,0,10
4,4,2025-05-29 10:34:00.013360-04:00,0,0.0,0.1,0.4009465483653843,10,1,9
4,4,2025-05-29 10:34:00.013360-04:00,1,0.4509465483653843,0.5509465483653843,0.8519224173309332,10,3,7
4,4,2025-05-29 10:34:00.013360-04:00,2,0.9019224173309333,1.0019224173309333,1.3029074428810643,10,1,9
4,5,2025-05-29 10:34:00.013360-04:00,0,0.0,0.1,0.40094328723846717,10,0,10
4,5,2025-05-29 10:34:00.013360-04:00,1,0.45094328723846716,0.5509432872384672,0.8518631382614142,10,3,7
4,5,2025-05-29 10:34:00.013360-04:00,2,0.9018631382614143,1.0018631382614143,1.3026037479777681,10,1,9
4,6,2025-05-29 10:34:00.013360-04:00,0,0.0,0.1,0.4009829012415444,10,2,8
4,6,2025-05-29 10:34:00.013360-04:00,1,0.4509829012415444,0.5509829012415444,0.8517148994622165,10,4,6
4,6,2025-05-29 10:34:00.013360-04:00,2,0.9017148994622165,1.0017148994622165,1.30252217795251,10,0,10
4,7,2025-05-29 10:34:00.013360-04:00,0,0.0,0.1,0.4009326238369561,10,1,9
4,7,2025-05-29 10:34:00.013360-04:00,1,0.4509326238369561,0.5509326238369561,0.8519322178765139,10,1,9
4,7,2025-05-29 10:34:00.013360-04:00,2,0.9019322178765139,1.001932217876514,1.302926298573827,10,0,10
4,8,2025-05-29 10:34:00.013360-04:00,0,0.0,0.1,0.40099759918088346,10,2,8
4,8,2025-05-29 10:34:00.013360-04:00,1,0.45099759918088345,0.5509975991808834,1.1782289352359163,10,1,9
4,8,2025-05-29 10:34:00.013360-04:00,2,1.2282289352359164,1.3282289352359165,1.6290823667123477,10,3,7
4,9,2025-05-29 10:34:00.013360-04:00,0,0.0,0.1,0.4007244849518368,10,1,9
4,9,2025-05-29 10:34:00.013360-04:00,1,0.4507244849518368,0.5507244849518368,0.85150358312322,10,4,6
4,9,2025-05-29 10:34:00.013360-04:00,2,0.9015035831232201,1.0015035831232202,1.3022778821200867,10,1,9
5,0,2025-05-29 10:35:00.009384-04:00,0,0.0,0.1,0.4009890260916067,10,3,7
5,0,2025-05-29 10:35:00.009384-04:00,1,0.4509890260916067,0.5509890260916067,0.8519513671969099,10,0,10
5,0,2025-05-29 10:35:00.009384-04:00,2,0.9019513671969099,1.00195136719691,1.325010355407765,10,1,9
5,1,2025-05-29 10:35:00.009384-04:00,0,0.0,0.1,0.4009823407193928,10,1,9
5,1,2025-05-29 10:35:00.009384-04:00,1,0.4509823407193928,0.5509823407193928,0.8519582466604125,10,2,8
5,1,2025-05-29 10:35:00.009384-04:00,2,0.9019582466604126,1.0019582466604127,1.3029047970708292,10,1,9
5,2,2025-05-29 10:35:00.009384-04:00,0,0.0,0.1,0.4009927136270196,10,1,9
5,2,2025-05-29 10:35:00.009384-04:00,1,0.4509927136270196,0.5509927136270196,0.8519383864713939,10,1,9
5,2,2025-05-29 10:35:00.009384-04:00,2,0.9019383864713939,1.001938386471394,1.302919386630957,10,1,9
5,3,2025-05-29 10:35:00.009384-04:00,0,0.0,0.1,0.40067282495068973,10,1,9
5,3,2025-05-29 10:35:00.009384-04:00,1,0.4506728249506897,0.5506728249506897,1.2364100454044742,10,2,8
5,3,2025-05-29 10:35:00.009384-04:00,2,1.2864100454044742,1.3864100454044743,1.6872698748235881,10,2,8
5,4,2025-05-29 10:35:00.009384-04:00,0,0.0,0.1,0.40089066587573063,10,1,9
5,4,2025-05-29 10:35:00.009384-04:00,1,0.4508906658757306,0.5508906658757307,0.8517358210802107,10,0,10
5,4,2025-05-29 10:35:00.009384-04:00,2,0.9017358210802108,1.0017358210802108,1.302707410214203,10,1,9
5,5,2025-05-29 10:35:00.009384-04:00,0,0.0,0.1,0.40083550446785776,10,2,8
5,5,2025-05-29 10:35:00.009384-04:00,1,0.45083550446785775,0.5508355044678578,0.8514599766717625,10,2,8
5,5,2025-05-29 10:35:00.009384-04:00,2,0.9014599766717626,1.0014599766717627,1.3024315819680798,10,0,10
5,6,2025-05-29 10:35:00.009384-04:00,0,0.0,0.1,0.40093608081670257,10,1,9
5,6,2025-05-29 10:35:00.009384-04:00,1,0.45093608081670256,0.5509360808167025,0.8519094385751014,10,1,9
5,6,2025-05-29 10:35:00.009384-04:00,2,0.9019094385751014,1.0019094385751015,1.3027879503429363,10,1,9
5,7,2025-05-29 10:35:00.009384-04:00,0,0.0,0.1,0.4009007847980386,10,1,9
5,7,2025-05-29 10:35:00.009384-04:00,1,0.4509007847980386,0.5509007847980386,0.8518528649617905,10,1,9
5,7,2025-05-29 10:35:00.009384-04:00,2,0.9018528649617905,1.0018528649617906,2.062993622408861,10,1,9
5,8,2025-05-29 10:35:00.009384-04:00,0,0.0,0.1,0.4009042236306074,10,1,9
5,8,2025-05-29 10:35:00.009384-04:00,1,0.4509042236306074,0.5509042236306074,0.8518852981790161,10,1,9
5,8,2025-05-29 10:35:00.009384-04:00,2,0.9018852981790162,1.0018852981790163,1.3027993479696098,10,3,7
5,9,2025-05-29 10:35:00.009384-04:00,0,0.0,0.1,0.4008523249096123,10,0,10
5,9,2025-05-29 10:35:00.009384-04:00,1,0.4508523249096123,0.5508523249096123,0.8517948127454675,10,2,8
5,9,2025-05-29 10:35:00.009384-04:00,2,0.9017948127454676,1.0017948127454677,1.3026335606802126,10,2,8
6,0,2025-05-29 10:36:00.033398-04:00,0,0.0,0.1,0.40097808502872717,10,5,5
6,0,2025-05-29 10:36:00.033398-04:00,1,0.45097808502872716,0.5509780850287271,0.8518946202642094,10,1,9
6,0,2025-05-29 10:36:00.033398-04:00,2,0.9018946202642094,1.0018946202642094,1.3028543895974278,10,0,10
6,1,2025-05-29 10:36:00.033398-04:00,0,0.0,0.1,0.6585353081857812,10,1,9
6,1,2025-05-29 10:36:00.033398-04:00,1,0.7085353081857813,0.8085353081857812,1.1094436166763029,10,0,10
6,1,2025-05-29 10:36:00.033398-04:00,2,1.159443616676303,1.259443616676303,1.5601135869944784,10,3,7
6,2,2025-05-29 10:36:00.033398-04:00,0,0.0,0.1,0.40087711153662026,10,0,10
6,2,2025-05-29 10:36:00.033398-04:00,1,0.45087711153662025,0.5508771115366202,0.8518038763139403,10,2,8
6,2,2025-05-29 10:36:00.033398-04:00,2,0.9018038763139403,1.0018038763139403,1.3027301961265376,10,2,8
6,3,2025-05-29 10:36:00.033398-04:00,0,0.0,0.1,0.40096242818954453,10,0,10
6,3,2025-05-29 10:36:00.033398-04:00,1,0.4509624281895445,0.5509624281895446,0.8519474155421578,10,0,10
6,3,2025-05-29 10:36:00.033398-04:00,2,0.9019474155421578,1.001947415542158,1.3028503160041764,10,1,9
6,4,2025-05-29 10:36:00.033398-04:00,0,0.0,0.1,0.6848867935207377,10,1,9
6,4,2025-05-29 10:36:00.033398-04:00,1,0.7348867935207377,0.8348867935207377,1.135772683495758,10,1,9
6,4,2025-05-29 10:36:00.033398-04:00,2,1.185772683495758,1.2857726834957581,1.5867592322271717,10,0,10
6,5,2025-05-29 10:36:00.033398-04:00,0,0.0,0.1,0.5641077190518501,10,1,9
6,5,2025-05-29 10:36:00.033398-04:00,1,0.6141077190518501,0.7141077190518501,1.0148085687509902,10,6,4
6,5,2025-05-29 10:36:00.033398-04:00,2,1.0648085687509903,1.1648085687509904,1.4657477003499821,10,3,7
6,6,2025-05-29 10:36:00.033398-04:00,0,0.0,0.1,0.43670914860572657,10,2,8
6,6,2025-05-29 10:36:00.033398-04:00,1,0.48670914860572656,0.5867091486057265,0.9310580353651864,10,1,9
6,6,2025-05-29 10:36:00.033398-04:00,2,0.9810580353651864,1.0810580353651864,1.3819541696029245,10,0,10
6,7,2025-05-29 10:36:00.033398-04:00,0,0.0,0.1,0.40097392371154644,10,1,9
6,7,2025-05-29 10:36:00.033398-04:00,1,0.45097392371154643,0.5509739237115464,0.8752691745131526,10,2,8
6,7,2025-05-29 10:36:00.033398-04:00,2,0.9252691745131526,1.0252691745131526,1.3262177057628433,10,2,8
6,8,2025-05-29 10:36:00.033398-04:00,0,0.0,0.1,0.400957879305355,10,1,9
6,8,2025-05-29 10:36:00.033398-04:00,1,0.45095787930535497,0.550957879305355,0.8519396755437351,10,1,9
6,8,2025-05-29 10:36:00.033398-04:00,2,0.9019396755437351,1.001939675543735,1.3029336265827813,10,1,9
6,9,2025-05-29 10:36:00.033398-04:00,0,0.0,0.1,0.40080797982402105,10,1,9
6,9,2025-05-29 10:36:00.033398-04:00,1,0.45080797982402104,0.5508079798240211,0.8517153011167732,10,0,10
6,9,2025-05-29 10:36:00.033398-04:00,2,0.9017153011167732,1.0017153011167732,1.3026923193593811,10,0,10
7,0,2025-05-29 10:37:00.039419-04:00,0,0.0,0.1,0.40087685727289696,10,0,10
7,0,2025-05-29 10:37:00.039419-04:00,1,0.45087685727289695,0.5508768572728969,0.8518630075496533,10,3,7
7,0,2025-05-29 10:37:00.039419-04:00,2,0.9018630075496533,1.0018630075496533,1.3027146573131576,10,0,10
7,1,2025-05-29 10:37:00.039419-04:00,0,0.0,0.1,0.4009944689705625,10,0,10
7,1,2025-05-29 10:37:00.039419-04:00,1,0.4509944689705625,0.5509944689705625,0.8519002942443348,10,1,9
7,1,2025-05-29 10:37:00.039419-04:00,2,0.9019002942443348,1.001900294244335,1.302836401660963,10,0,10
7,2,2025-05-29 10:37:00.039419-04:00,0,0.0,0.1,0.40081764364309164,10,0,10
7,2,2025-05-29 10:37:00.039419-04:00,1,0.4508176436430916,0.5508176436430916,0.8517192727970035,10,2,8
7,2,2025-05-29 10:37:00.039419-04:00,2,0.9017192727970036,1.0017192727970037,1.3027071271168755,10,1,9
7,3,2025-05-29 10:37:00.039419-04:00,0,0.0,0.1,0.4009156663478048,10,2,8
7,3,2025-05-29 10:37:00.039419-04:00,1,0.4509156663478048,0.5509156663478048,0.8519077646172533,10,1,9
7,3,2025-05-29 10:37:00.039419-04:00,2,0.9019077646172533,1.0019077646172534,1.3028310985833038,10,1,9
7,4,2025-05-29 10:37:00.039419-04:00,0,0.0,0.1,0.4009825626175848,10,0,10
7,4,2025-05-29 10:37:00.039419-04:00,1,0.4509825626175848,0.5509825626175848,0.8518405889050976,10,1,9
7,4,2025-05-29 10:37:00.039419-04:00,2,0.9018405889050977,1.0018405889050976,1.3027296396139432,10,2,8
7,5,2025-05-29 10:37:00.039419-04:00,0,0.0,0.1,0.4009907870212864,10,2,8
7,5,2025-05-29 10:37:00.039419-04:00,1,0.45099078702128637,0.5509907870212863,0.8516908594760306,10,1,9
7,5,2025-05-29 10:37:00.039419-04:00,2,0.9016908594760307,1.0016908594760308,1.3026569684822096,10,0,10
7,6,2025-05-29 10:37:00.039419-04:00,0,0.0,0.1,0.40092506513068216,10,1,9
7,6,2025-05-29 10:37:00.039419-04:00,1,0.45092506513068215,0.5509250651306822,0.8517546820073787,10,2,8
7,6,2025-05-29 10:37:00.039419-04:00,2,0.9017546820073787,1.0017546820073788,1.3024718598436154,10,2,8
7,7,2025-05-29 10:37:00.039419-04:00,0,0.0,0.1,0.4009066980366267,10,0,10
7,7,2025-05-29 10:37:00.039419-04:00,1,0.4509066980366267,0.5509066980366267,0.8519033385844842,10,0,10
7,7,2025-05-29 10:37:00.039419-04:00,2,0.9019033385844842,1.0019033385844842,1.3028503184529767,10,0,10
7,8,2025-05-29 10:37:00.039419-04:00,0,0.0,0.1,0.5701007912705487,10,2,8
7,8,2025-05-29 10:37:00.039419-04:00,1,0.6201007912705487,0.7201007912705487,1.02108334101244,10,2,8
7,8,2025-05-29 10:37:00.039419-04:00,2,1.07108334101244,1.1710833410124402,1.472061312668856,10,0,10
7,9,2025-05-29 10:37:00.039419-04:00,0,0.0,0.1,0.8091926518722272,10,1,9
7,9,2025-05-29 10:37:00.039419-04:00,1,0.8591926518722273,0.9591926518722272,1.2600137063275,10,2,8
7,9,2025-05-29 10:37:00.039419-04:00,2,1.3100137063275001,1.4100137063275002,1.7109545786204254,10,1,9
8,0,2025-05-29 10:38:00.038046-04:00,0,0.0,0.1,0.4009236160196201,10,3,7
8,0,2025-05-29 10:38:00.038046-04:00,1,0.4509236160196201,0.5509236160196201,0.8518086807695535,10,1,9
8,0,2025-05-29 10:38:00.038046-04:00,2,0.9018086807695536,1.0018086807695536,1.3025843248769287,10,0,10
8,1,2025-05-29 10:38:00.038046-04:00,0,0.0,0.1,0.4009520759174626,10,1,9
8,1,2025-05-29 10:38:00.038046-04:00,1,0.4509520759174626,0.5509520759174626,0.8516847098426388,10,2,8
8,1,2025-05-29 10:38:00.038046-04:00,2,0.9016847098426388,1.001684709842639,1.3026482846793772,10,1,9
8,2,2025-05-29 10:38:00.038046-04:00,0,0.0,0.1,0.40074388230042746,10,1,9
8,2,2025-05-29 10:38:00.038046-04:00,1,0.45074388230042745,0.5507438823004275,0.8516591766982904,10,1,9
8,2,2025-05-29 10:38:00.038046-04:00,2,0.9016591766982904,1.0016591766982905,1.3023928134281129,10,1,9
8,3,2025-05-29 10:38:00.038046-04:00,0,0.0,0.1,0.40098683483744824,10,3,7
8,3,2025-05-29 10:38:00.038046-04:00,1,0.4509868348374482,0.5509868348374483,0.8518646487236391,10,0,10
8,3,2025-05-29 10:38:00.038046-04:00,2,0.9018646487236391,1.0018646487236391,1.302554294794644,10,2,8
8,4,2025-05-29 10:38:00.038046-04:00,0,0.0,0.1,0.40064968862404676,10,2,8
8,4,2025-05-29 10:38:00.038046-04:00,1,0.45064968862404675,0.5506496886240467,0.8516237780003952,10,2,8
8,4,2025-05-29 10:38:00.038046-04:00,2,0.9016237780003953,1.0016237780003954,1.3025852272858716,10,0,10
8,5,2025-05-29 10:38:00.038046-04:00,0,0.0,0.1,0.4009425907290795,10,2,8
8,5,2025-05-29 10:38:00.038046-04:00,1,0.4509425907290795,0.5509425907290795,0.8518854850924987,10,5,5
8,5,2025-05-29 10:38:00.038046-04:00,2,0.9018854850924988,1.0018854850924988,1.3028828323737225,10,1,9
8,6,2025-05-29 10:38:00.038046-04:00,0,0.0,0.1,0.4009183703921226,10,2,8
8,6,2025-05-29 10:38:00.038046-04:00,1,0.45091837039212257,0.5509183703921225,0.8519002671716186,10,0,10
8,6,2025-05-29 10:38:00.038046-04:00,2,0.9019002671716186,1.0019002671716186,1.3028954432164748,10,0,10
8,7,2025-05-29 10:38:00.038046-04:00,0,0.0,0.1,0.4009336018964325,10,3,7
8,7,2025-05-29 10:38:00.038046-04:00,1,0.4509336018964325,0.5509336018964325,0.8519335342571697,10,1,9
8,7,2025-05-29 10:38:00.038046-04:00,2,0.9019335342571697,1.0019335342571698,1.302689561941546,10,1,9
8,8,2025-05-29 10:38:00.038046-04:00,0,0.0,0.1,0.40086323452873257,10,3,7
8,8,2025-05-29 10:38:00.038046-04:00,1,0.45086323452873256,0.5508632345287325,0.8516518516355903,10,1,9
8,8,2025-05-29 10:38:00.038046-04:00,2,0.9016518516355904,1.0016518516355903,1.3025719496898276,10,3,7
8,9,2025-05-29 10:38:00.038046-04:00,0,0.0,0.1,0.40099340006252765,10,0,10
8,9,2025-05-29 10:38:00.038046-04:00,1,0.45099340006252764,0.5509934000625276,0.9373522791137224,10,1,9
8,9,2025-05-29 10:38:00.038046-04:00,2,0.9873522791137225,1.0873522791137225,1.3882422772905694,10,3,7
9,0,2025-05-29 10:39:00.069477-04:00,0,0.0,0.1,0.4009708721630141,10,0,10
9,0,2025-05-29 10:39:00.069477-04:00,1,0.45097087216301407,0.5509708721630141,0.851907589476298,10,0,10
9,0,2025-05-29 10:39:00.069477-04:00,2,0.901907589476298,1.001907589476298,1.3029015370356094,10,1,9
9,1,2025-05-29 10:39:00.069477-04:00,0,0.0,0.1,0.4005555345869495,10,3,7
9,1,2025-05-29 10:39:00.069477-04:00,1,0.45055553458694947,0.5505555345869495,0.8515074412027255,10,0,10
9,1,2025-05-29 10:39:00.069477-04:00,2,0.9015074412027255,1.0015074412027256,1.3023001356411241,10,2,8
9,2,2025-05-29 10:39:00.069477-04:00,0,0.0,0.1,0.40095410743661364,10,2,8
9,2,2025-05-29 10:39:00.069477-04:00,1,0.4509541074366136,0.5509541074366137,0.8517895227582486,10,2,8
9,2,2025-05-29 10:39:00.069477-04:00,2,0.9017895227582486,1.0017895227582487,1.302704290641048,10,0,10
9,3,2025-05-29 10:39:00.069477-04:00,0,0.0,0.1,0.40068363144415897,10,2,8
9,3,2025-05-29 10:39:00.069477-04:00,1,0.45068363144415896,0.550683631444159,0.8515939207753844,10,0,10
9,3,2025-05-29 10:39:00.069477-04:00,2,0.9015939207753845,1.0015939207753846,1.3025280105788024,10,4,6
9,4,2025-05-29 10:39:00.069477-04:00,0,0.0,0.1,0.40080678323805863,10,1,9
9,4,2025-05-29 10:39:00.069477-04:00,1,0.4508067832380586,0.5508067832380587,0.851647546750024,10,1,9
9,4,2025-05-29 10:39:00.069477-04:00,2,0.901647546750024,1.001647546750024,1.3026232619592555,10,1,9
9,5,2025-05-29 10:39:00.069477-04:00,0,0.0,0.1,0.4311190824017362,10,2,8
9,5,2025-05-29 10:39:00.069477-04:00,1,0.4811190824017362,0.5811190824017362,0.8820918301598477,10,1,9
9,5,2025-05-29 10:39:00.069477-04:00,2,0.9320918301598478,1.0320918301598478,1.3330287451225185,10,0,10
9,6,2025-05-29 10:39:00.069477-04:00,0,0.0,0.1,0.4009674397329922,10,2,8
9,6,2025-05-29 10:39:00.069477-04:00,1,0.4509674397329922,0.5509674397329922,0.8517516780297787,10,1,9
9,6,2025-05-29 10:39:00.069477-04:00,2,0.9017516780297787,1.0017516780297788,1.3027242848569511,10,0,10
9,7,2025-05-29 10:39:00.069477-04:00,0,0.0,0.1,0.6250215774275741,10,1,9
9,7,2025-05-29 10:39:00.069477-04:00,1,0.6750215774275742,0.7750215774275742,1.075933203626719,10,2,8
9,7,2025-05-29 10:39:00.069477-04:00,2,1.1259332036267191,1.2259332036267192,1.5269273670099808,10,3,7
9,8,2025-05-29 10:39:00.069477-04:00,0,0.0,0.1,0.5174510356748024,10,1,9
9,8,2025-05-29 10:39:00.069477-04:00,1,0.5674510356748025,0.6674510356748025,0.9683736630600802,10,1,9
9,8,2025-05-29 10:39:00.069477-04:00,2,1.0183736630600801,1.1183736630600802,1.4192031227203927,10,0,10
9,9,2025-05-29 10:39:00.069477-04:00,0,0.0,0.1,0.4009597481174723,10,1,9
9,9,2025-05-29 10:39:00.069477-04:00,1,0.4509597481174723,0.5509597481174723,0.8518564832058494,10,0,10
9,9,2025-05-29 10:39:00.069477-04:00,2,0.9018564832058494,1.0018564832058494,1.3028036523670248,10,2,8
10,0,2025-05-29 10:40:00.032003-04:00,0,0.0,0.1,0.40097086053662656,10,1,9
10,0,2025-05-29 10:40:00.032003-04:00,1,0.45097086053662655,0.5509708605366266,0.8519215678752665,10,2,8
10,0,2025-05-29 10:40:00.032003-04:00,2,0.9019215678752666,1.0019215678752666,1.3029065280399692,10,0,10
10,1,2025-05-29 10:40:00.032003-04:00,0,0.0,0.1,0.40075803503375723,10,1,9
10,1,2025-05-29 10:40:00.032003-04:00,1,0.4507580350337572,0.5507580350337572,0.8516578402526367,10,3,7
10,1,2025-05-29 10:40:00.032003-04:00,2,0.9016578402526367,1.0016578402526368,1.3023550841409686,10,1,9
10,2,2025-05-29 10:40:00.032003-04:00,0,0.0,0.1,0.4007845198597551,10,2,8
10,2,2025-05-29 10:40:00.032003-04:00,1,0.4507845198597551,0.5507845198597551,0.8516340015064054,10,0,10
10,2,2025-05-29 10:40:00.032003-04:00,2,0.9016340015064055,1.0016340015064056,1.3024820898084843,10,0,10
10,3,2025-05-29 10:40:00.032003-04:00,0,0.0,0.1,0.40094522362339957,10,1,9
10,3,2025-05-29 10:40:00.032003-04:00,1,0.45094522362339956,0.5509452236233996,0.8517674557458798,10,3,7
10,3,2025-05-29 10:40:00.032003-04:00,2,0.9017674557458798,1.0017674557458798,1.3220085703627245,10,3,7
10,4,2025-05-29 10:40:00.032003-04:00,0,0.0,0.1,0.4008872294187745,10,0,10
10,4,2025-05-29 10:40:00.032003-04:00,1,0.4508872294187745,0.5508872294187745,0.851453553763275,10,4,6
10,4,2025-05-29 10:40:00.032003-04:00,2,0.9014535537632751,1.0014535537632752,1.302127765772034,10,2,8
10,5,2025-05-29 10:40:00.032003-04:00,0,0.0,0.1,0.4095266292925358,10,2,8
10,5,2025-05-29 10:40:00.032003-04:00,1,0.4595266292925358,0.5595266292925358,0.8605233651016116,10,0,10
10,5,2025-05-29 10:40:00.032003-04:00,2,0.9105233651016117,1.0105233651016117,1.3114765996422693,10,2,8
10,6,2025-05-29 10:40:00.032003-04:00,0,0.0,0.1,0.40099836470579014,10,2,8
10,6,2025-05-29 10:40:00.032003-04:00,1,0.45099836470579013,0.5509983647057901,0.8519679813228868,10,0,10
10,6,2025-05-29 10:40:00.032003-04:00,2,0.9019679813228868,1.0019679813228868,1.3029598713527502,10,1,9
10,7,2025-05-29 10:40:00.032003-04:00,0,0.0,0.1,0.4009123957811513,10,0,10
10,7,2025-05-29 10:40:00.032003-04:00,1,0.4509123957811513,0.5509123957811513,0.8517419920113073,10,3,7
10,7,2025-05-29 10:40:00.032003-04:00,2,0.9017419920113073,1.0017419920113073,1.30272675216086,10,1,9
10,8,2025-05-29 10:40:00.032003-04:00,0,0.0,0.1,0.4008836853940378,10,1,9
10,8,2025-05-29 10:40:00.032003-04:00,1,0.4508836853940378,0.5508836853940378,0.8518094164244104,10,2,8
10,8,2025-05-29 10:40:00.032003-04:00,2,0.9018094164244105,1.0018094164244105,1.3028014254770544,10,0,10
10,9,2025-05-29 10:40:00.032003-04:00,0,0.0,0.1,0.4008083381628572,10,2,8
10,9,2025-05-29 10:40:00.032003-04:00,1,0.4508083381628572,0.5508083381628572,0.8517955141814654,10,1,9
10,9,2025-05-29 10:40:00.032003-04:00,2,0.9017955141814654,1.0017955141814654,1.3025767777343842,10,1,9
11,0,2025-05-29 10:41:00.053309-04:00,0,0.0,0.1,0.40093964633176377,10,1,9
11,0,2025-05-29 10:41:00.053309-04:00,1,0.45093964633176375,0.5509396463317637,0.9704751229592525,10,1,9
11,0,2025-05-29 10:41:00.053309-04:00,2,1.0204751229592526,1.1204751229592527,1.421446885235224,10,2,8
11,1,2025-05-29 10:41:00.053309-04:00,0,0.0,0.1,0.45494784771319924,10,1,9
11,1,2025-05-29 10:41:00.053309-04:00,1,0.5049478477131992,0.6049478477131992,0.9057656402976887,10,2,8
11,1,2025-05-29 10:41:00.053309-04:00,2,0.9557656402976887,1.0557656402976887,1.356663033451764,10,3,7
11,2,2025-05-29 10:41:00.053309-04:00,0,0.0,0.1,0.40071440309045203,10,1,9
11,2,2025-05-29 10:41:00.053309-04:00,1,0.450714403090452,0.550714403090452,0.8514214275900562,10,2,8
11,2,2025-05-29 10:41:00.053309-04:00,2,0.9014214275900563,1.0014214275900564,1.302188518186708,10,1,9
11,3,2025-05-29 10:41:00.053309-04:00,0,0.0,0.1,0.40090442638646034,10,1,9
11,3,2025-05-29 10:41:00.053309-04:00,1,0.45090442638646033,0.5509044263864603,0.8518991333078206,10,1,9
11,3,2025-05-29 10:41:00.053309-04:00,2,0.9018991333078207,1.0018991333078207,1.3028246675669344,10,0,10
11,4,2025-05-29 10:41:00.053309-04:00,0,0.0,0.1,0.4009255949282387,10,1,9
11,4,2025-05-29 10:41:00.053309-04:00,1,0.4509255949282387,0.5509255949282387,0.861061078791038,10,2,8
11,4,2025-05-29 10:41:00.053309-04:00,2,0.911061078791038,1.0110610787910381,1.3120228538937315,10,2,8
11,5,2025-05-29 10:41:00.053309-04:00,0,0.0,0.1,0.40097726771293524,10,1,9
11,5,2025-05-29 10:41:00.053309-04:00,1,0.4509772677129352,0.5509772677129352,0.8519614048803711,10,2,8
11,5,2025-05-29 10:41:00.053309-04:00,2,0.9019614048803711,1.001961404880371,1.3029091168754847,10,1,9
11,6,2025-05-29 10:41:00.053309-04:00,0,0.0,0.1,0.40096632074563004,10,1,9
11,6,2025-05-29 10:41:00.053309-04:00,1,0.45096632074563003,0.55096632074563,0.9389836823368493,10,1,9
11,6,2025-05-29 10:41:00.053309-04:00,2,0.9889836823368493,1.0889836823368493,1.389977155941626,10,0,10
11,7,2025-05-29 10:41:00.053309-04:00,0,0.0,0.1,0.40095652430153056,10,1,9
11,7,2025-05-29 10:41:00.053309-04:00,1,0.45095652430153055,0.5509565243015305,0.8519316658428706,10,0,10
11,7,2025-05-29 10:41:00.053309-04:00,2,0.9019316658428707,1.0019316658428707,1.3028855634590792,10,2,8
11,8,2025-05-29 10:41:00.053309-04:00,0,0.0,0.1,0.40093703064753383,10,1,9
11,8,2025-05-29 10:41:00.053309-04:00,1,0.4509370306475338,0.5509370306475339,0.960872737672859,10,1,9
11,8,2025-05-29 10:41:00.053309-04:00,2,1.010872737672859,1.110872737672859,1.4117807178860948,10,0,10
11,9,2025-05-29 10:41:00.053309-04:00,0,0.0,0.1,0.47428489688343617,10,3,7
11,9,2025-05-29 10:41:00.053309-04:00,1,0.5242848968834362,0.6242848968834361,1.1705897841937436,10,1,9
11,9,2025-05-29 10:41:00.053309-04:00,2,1.2205897841937436,1.3205897841937437,1.6213899292490017,10,1,9
12,0,2025-05-29 10:42:00.032829-04:00,0,0.0,0.1,0.40099920496918035,10,3,7
12,0,2025-05-29 10:42:00.032829-04:00,1,0.45099920496918033,0.5509992049691803,0.8516847800360946,10,0,10
12,0,2025-05-29 10:42:00.032829-04:00,2,0.9016847800360946,1.0016847800360946,1.3165519129610195,10,1,9
12,1,2025-05-29 10:42:00.032829-04:00,0,0.0,0.1,0.41513283442300075,10,3,7
12,1,2025-05-29 10:42:00.032829-04:00,1,0.46513283442300074,0.5651328344230008,0.8659639121694519,10,1,9
12,1,2025-05-29 10:42:00.032829-04:00,2,0.9159639121694519,1.015963912169452,1.3169100253783779,10,2,8
12,2,2025-05-29 10:42:00.032829-04:00,0,0.0,0.1,0.40088981581187993,10,1,9
12,2,2025-05-29 10:42:00.032829-04:00,1,0.4508898158118799,0.5508898158118799,0.8518344926490415,10,1,9
12,2,2025-05-29 10:42:00.032829-04:00,2,0.9018344926490416,1.0018344926490417,1.3027976107151313,10,0,10
12,3,2025-05-29 10:42:00.032829-04:00,0,0.0,0.1,0.400993080054573,10,1,9
12,3,2025-05-29 10:42:00.032829-04:00,1,0.450993080054573,0.550993080054573,0.8519519617607596,10,0,10
12,3,2025-05-29 10:42:00.032829-04:00,2,0.9019519617607596,1.0019519617607597,1.302928196618687,10,1,9
12,4,2025-05-29 10:42:00.032829-04:00,0,0.0,0.1,0.4009128781986091,10,1,9
12,4,2025-05-29 10:42:00.032829-04:00,1,0.4509128781986091,0.5509128781986091,0.8516983520908599,10,2,8
12,4,2025-05-29 10:42:00.032829-04:00,2,0.9016983520908599,1.00169835209086,1.3026145582439808,10,0,10
12,5,2025-05-29 10:42:00.032829-04:00,0,0.0,0.1,0.4008954556300636,10,1,9
12,5,2025-05-29 10:42:00.032829-04:00,1,0.4508954556300636,0.5508954556300636,1.0568950649453022,10,1,9
12,5,2025-05-29 10:42:00.032829-04:00,2,1.1068950649453022,1.2068950649453023,1.5077660469494145,10,0,10
12,6,2025-05-29 10:42:00.032829-04:00,0,0.0,0.1,0.4491079021777845,10,3,7
12,6,2025-05-29 10:42:00.032829-04:00,1,0.4991079021777845,0.5991079021777845,0.9000999671333098,10,1,9
12,6,2025-05-29 10:42:00.032829-04:00,2,0.9500999671333098,1.0500999671333098,1.3509510628807213,10,2,8
12,7,2025-05-29 10:42:00.032829-04:00,0,0.0,0.1,0.40097415984148793,10,0,10
12,7,2025-05-29 10:42:00.032829-04:00,1,0.4509741598414879,0.5509741598414879,0.8519321771215451,10,3,7
12,7,2025-05-29 10:42:00.032829-04:00,2,0.9019321771215452,1.0019321771215453,1.3028154447067681,10,2,8
12,8,2025-05-29 10:42:00.032829-04:00,0,0.0,0.1,0.4008491124512351,10,1,9
12,8,2025-05-29 10:42:00.032829-04:00,1,0.4508491124512351,0.5508491124512351,0.851702449023746,10,1,9
12,8,2025-05-29 10:42:00.032829-04:00,2,0.9017024490237461,1.001702449023746,1.3025863747721393,10,1,9
12,9,2025-05-29 10:42:00.032829-04:00,0,0.0,0.1,0.5160576581070929,10,3,7
12,9,2025-05-29 10:42:00.032829-04:00,1,0.566057658107093,0.6660576581070929,0.9670418901792295,10,4,6
12,9,2025-05-29 10:42:00.032829-04:00,2,1.0170418901792295,1.1170418901792296,1.4176922145171302,10,2,8
13,0,2025-05-29 10:43:00.008802-04:00,0,0.0,0.1,0.4009313668934249,10,2,8
13,0,2025-05-29 10:43:00.008802-04:00,1,0.4509313668934249,0.5509313668934249,1.0427731494906183,10,2,8
13,0,2025-05-29 10:43:00.008802-04:00,2,1.0927731494906183,1.1927731494906184,1.4936373856482767,10,2,8
13,1,2025-05-29 10:43:00.008802-04:00,0,0.0,0.1,0.4008819551742991,10,1,9
13,1,2025-05-29 10:43:00.008802-04:00,1,0.4508819551742991,0.550881955174299,0.8518209512040601,10,1,9
13,1,2025-05-29 10:43:00.008802-04:00,2,0.9018209512040601,1.0018209512040601,1.5476195188678605,10,1,9
13,2,2025-05-29 10:43:00.008802-04:00,0,0.0,0.1,0.40099306334867485,10,2,8
13,2,2025-05-29 10:43:00.008802-04:00,1,0.45099306334867484,0.5509930633486748,0.8519926647252162,10,1,9
13,2,2025-05-29 10:43:00.008802-04:00,2,0.9019926647252162,1.0019926647252162,1.3027818193997647,10,3,7
13,3,2025-05-29 10:43:00.008802-04:00,0,0.0,0.1,0.4009606431625482,10,2,8
13,3,2025-05-29 10:43:00.008802-04:00,1,0.4509606431625482,0.5509606431625482,0.8518669927237474,10,1,9
13,3,2025-05-29 10:43:00.008802-04:00,2,0.9018669927237475,1.0018669927237476,1.4656163059184713,10,2,8
13,4,2025-05-29 10:43:00.008802-04:00,0,0.0,0.1,0.4009579760074871,10,2,8
13,4,2025-05-29 10:43:00.008802-04:00,1,0.4509579760074871,0.5509579760074871,0.8516776896395012,10,1,9
13,4,2025-05-29 10:43:00.008802-04:00,2,0.9016776896395012,1.0016776896395012,1.3026548954998185,10,1,9
13,5,2025-05-29 10:43:00.008802-04:00,0,0.0,0.1,0.4005148405996441,10,1,9
13,5,2025-05-29 10:43:00.008802-04:00,1,0.4505148405996441,0.5505148405996441,0.8513827081041391,10,2,8
13,5,2025-05-29 10:43:00.008802-04:00,2,0.9013827081041391,1.001382708104139,1.3021343833380723,10,1,9
13,6,2025-05-29 10:43:00.008802-04:00,0,0.0,0.1,0.40076762804026594,10,2,8
13,6,2025-05-29 10:43:00.008802-04:00,1,0.45076762804026593,0.5507676280402659,0.8517528089541051,10,1,9
13,6,2025-05-29 10:43:00.008802-04:00,2,0.9017528089541051,1.0017528089541052,1.544638979344049,10,2,8
13,7,2025-05-29 10:43:00.008802-04:00,0,0.0,0.1,0.4008461959137347,10,0,10
13,7,2025-05-29 10:43:00.008802-04:00,1,0.4508461959137347,0.5508461959137347,0.8518168032502849,10,0,10
13,7,2025-05-29 10:43:00.008802-04:00,2,0.9018168032502849,1.001816803250285,1.3027720180643108,10,3,7
13,8,2025-05-29 10:43:00.008802-04:00,0,0.0,0.1,0.4009818524694633,10,1,9
13,8,2025-05-29 10:43:00.008802-04:00,1,0.45098185246946326,0.5509818524694633,0.8519166728221941,10,1,9
13,8,2025-05-29 10:43:00.008802-04:00,2,0.9019166728221941,1.0019166728221942,1.3027797699760322,10,1,9
13,9,2025-05-29 10:43:00.008802-04:00,0,0.0,0.1,0.4008572632201222,10,1,9
13,9,2025-05-29 10:43:00.008802-04:00,1,0.4508572632201222,0.5508572632201222,0.8517544554896933,10,2,8
13,9,2025-05-29 10:43:00.008802-04:00,2,0.9017544554896934,1.0017544554896933,1.302749872461368,10,2,8
14,0,2025-05-29 10:44:00.024641-04:00,0,0.0,0.1,0.40080302941318485,10,1,9
14,0,2025-05-29 10:44:00.024641-04:00,1,0.45080302941318484,0.5508030294131848,1.1461681515709963,10,2,8
14,0,2025-05-29 10:44:00.024641-04:00,2,1.1961681515709963,1.2961681515709964,1.5967117524493382,10,3,7
14,1,2025-05-29 10:44:00.024641-04:00,0,0.0,0.1,0.4008511221386497,10,1,9
14,1,2025-05-29 10:44:00.024641-04:00,1,0.4508511221386497,0.5508511221386497,0.8515763511480943,10,1,9
14,1,2025-05-29 10:44:00.024641-04:00,2,0.9015763511480943,1.0015763511480944,1.3023967253371043,10,2,8
14,2,2025-05-29 10:44:00.024641-04:00,0,0.0,0.1,0.4009951767565731,10,3,7
14,2,2025-05-29 10:44:00.024641-04:00,1,0.4509951767565731,0.5509951767565731,0.8519419114236654,10,3,7
14,2,2025-05-29 10:44:00.024641-04:00,2,0.9019419114236654,1.0019419114236654,1.30282306203754,10,2,8
14,3,2025-05-29 10:44:00.024641-04:00,0,0.0,0.1,0.40091121057743206,10,3,7
14,3,2025-05-29 10:44:00.024641-04:00,1,0.45091121057743205,0.5509112105774321,0.851833844371557,10,0,10
14,3,2025-05-29 10:44:00.024641-04:00,2,0.901833844371557,1.001833844371557,1.3026917662280195,10,2,8
14,4,2025-05-29 10:44:00.024641-04:00,0,0.0,0.1,0.40087340777048325,10,3,7
14,4,2025-05-29 10:44:00.024641-04:00,1,0.45087340777048324,0.5508734077704832,0.8518664098395027,10,2,8
14,4,2025-05-29 10:44:00.024641-04:00,2,0.9018664098395027,1.0018664098395027,1.3027361606476944,10,1,9
14,5,2025-05-29 10:44:00.024641-04:00,0,0.0,0.1,0.4009178268814405,10,3,7
14,5,2025-05-29 10:44:00.024641-04:00,1,0.4509178268814405,0.5509178268814405,0.851847307684539,10,2,8
14,5,2025-05-29 10:44:00.024641-04:00,2,0.901847307684539,1.0018473076845391,1.3028437395483556,10,1,9
14,6,2025-05-29 10:44:00.024641-04:00,0,0.0,0.1,0.5792329630104068,10,2,8
14,6,2025-05-29 10:44:00.024641-04:00,1,0.6292329630104069,0.7292329630104069,1.0300329258072243,10,0,10
14,6,2025-05-29 10:44:00.024641-04:00,2,1.0800329258072243,1.1800329258072244,1.4809952807922877,10,1,9
14,7,2025-05-29 10:44:00.024641-04:00,0,0.0,0.1,0.40095199415279037,10,2,8
14,7,2025-05-29 10:44:00.024641-04:00,1,0.45095199415279036,0.5509519941527904,0.851786909496509,10,2,8
14,7,2025-05-29 10:44:00.024641-04:00,2,0.9017869094965091,1.001786909496509,1.3024879730181076,10,2,8
14,8,2025-05-29 10:44:00.024641-04:00,0,0.0,0.1,0.40095500559291786,10,2,8
14,8,2025-05-29 10:44:00.024641-04:00,1,0.45095500559291785,0.5509550055929179,0.8519193399779313,10,0,10
14,8,2025-05-29 10:44:00.024641-04:00,2,0.9019193399779314,1.0019193399779314,1.302478957057693,10,4,6
14,9,2025-05-29 10:44:00.024641-04:00,0,0.0,0.1,0.4008734817716033,10,2,8
14,9,2025-05-29 10:44:00.024641-04:00,1,0.4508734817716033,0.5508734817716033,0.9596095625273013,10,2,8
14,9,2025-05-29 10:44:00.024641-04:00,2,1.0096095625273014,1.1096095625273015,1.4105626085769571,10,1,9
15,0,2025-05-29 10:45:00.032556-04:00,0,0.0,0.1,0.400868140694899,10,0,10
15,0,2025-05-29 10:45:00.032556-04:00,1,0.450868140694899,0.550868140694899,0.8515877579372366,10,3,7
15,0,2025-05-29 10:45:00.032556-04:00,2,0.9015877579372367,1.0015877579372368,1.3024517747565034,10,1,9
15,1,2025-05-29 10:45:00.032556-04:00,0,0.0,0.1,0.4009495504236908,10,2,8
15,1,2025-05-29 10:45:00.032556-04:00,1,0.4509495504236908,0.5509495504236908,0.8518090338729907,10,0,10
15,1,2025-05-29 10:45:00.032556-04:00,2,0.9018090338729907,1.0018090338729908,1.3025075932946852,10,3,7
15,2,2025-05-29 10:45:00.032556-04:00,0,0.0,0.1,0.40061690630535063,10,1,9
15,2,2025-05-29 10:45:00.032556-04:00,1,0.4506169063053506,0.5506169063053507,0.8515860284025164,10,1,9
15,2,2025-05-29 10:45:00.032556-04:00,2,0.9015860284025164,1.0015860284025164,1.3025569981123557,10,0,10
15,3,2025-05-29 10:45:00.032556-04:00,0,0.0,0.1,0.4008733611298851,10,1,9
15,3,2025-05-29 10:45:00.032556-04:00,1,0.4508733611298851,0.550873361129885,0.8518657818580849,10,1,9
15,3,2025-05-29 10:45:00.032556-04:00,2,0.901865781858085,1.001865781858085,1.3027557111961565,10,1,9
15,4,2025-05-29 10:45:00.032556-04:00,0,0.0,0.1,0.4009079843498297,10,4,6
15,4,2025-05-29 10:45:00.032556-04:00,1,0.4509079843498297,0.5509079843498297,0.851841490820603,10,1,9
15,4,2025-05-29 10:45:00.032556-04:00,2,0.901841490820603,1.001841490820603,1.3026203716062879,10,2,8
15,5,2025-05-29 10:45:00.032556-04:00,0,0.0,0.1,0.4009636699299788,10,0,10
15,5,2025-05-29 10:45:00.032556-04:00,1,0.45096366992997877,0.5509636699299788,0.8519496595576073,10,2,8
15,5,2025-05-29 10:45:00.032556-04:00,2,0.9019496595576073,1.0019496595576074,1.3028864010301853,10,0,10
15,6,2025-05-29 10:45:00.032556-04:00,0,0.0,0.1,0.40093511910209273,10,0,10
15,6,2025-05-29 10:45:00.032556-04:00,1,0.4509351191020927,0.5509351191020927,0.8518108481430491,10,4,6
15,6,2025-05-29 10:45:00.032556-04:00,2,0.9018108481430491,1.0018108481430492,1.3027834513440373,10,1,9
15,7,2025-05-29 10:45:00.032556-04:00,0,0.0,0.1,0.4009548812155004,10,1,9
15,7,2025-05-29 10:45:00.032556-04:00,1,0.45095488121550037,0.5509548812155004,0.8519308141809057,10,1,9
15,7,2025-05-29 10:45:00.032556-04:00,2,0.9019308141809057,1.0019308141809058,1.3026642900683882,10,1,9
15,8,2025-05-29 10:45:00.032556-04:00,0,0.0,0.1,0.40099473411670356,10,1,9
15,8,2025-05-29 10:45:00.032556-04:00,1,0.45099473411670354,0.5509947341167035,0.8518987381999261,10,2,8
15,8,2025-05-29 10:45:00.032556-04:00,2,0.9018987381999262,1.0018987381999263,1.4163160869545044,10,2,8
15,9,2025-05-29 10:45:00.032556-04:00,0,0.0,0.1,0.40094049224596623,10,1,9
15,9,2025-05-29 10:45:00.032556-04:00,1,0.4509404922459662,0.5509404922459662,0.8518917045071231,10,0,10
15,9,2025-05-29 10:45:00.032556-04:00,2,0.9018917045071232,1.0018917045071232,1.3028317330217924,10,2,8
16,0,2025-05-29 10:46:00.012828-04:00,0,0.0,0.1,0.4008707834101449,10,0,10
16,0,2025-05-29 10:46:00.012828-04:00,1,0.4508707834101449,0.550870783410145,0.8518282986461553,10,0,10
16,0,2025-05-29 10:46:00.012828-04:00,2,0.9018282986461553,1.0018282986461553,1.3027483490754386,10,1,9
16,1,2025-05-29 10:46:00.012828-04:00,0,0.0,0.1,0.40095081977425073,10,0,10
16,1,2025-05-29 10:46:00.012828-04:00,1,0.4509508197742507,0.5509508197742508,0.8517176500730903,10,0,10
16,1,2025-05-29 10:46:00.012828-04:00,2,0.9017176500730903,1.0017176500730904,1.3026821079134436,10,0,10
16,2,2025-05-29 10:46:00.012828-04:00,0,0.0,0.1,0.40090392180148343,10,0,10
16,2,2025-05-29 10:46:00.012828-04:00,1,0.4509039218014834,0.5509039218014834,0.8518833093216547,10,0,10
16,2,2025-05-29 10:46:00.012828-04:00,2,0.9018833093216547,1.0018833093216548,1.3027963710649333,10,1,9
16,3,2025-05-29 10:46:00.012828-04:00,0,0.0,0.1,0.42071100958155455,10,1,9
16,3,2025-05-29 10:46:00.012828-04:00,1,0.47071100958155454,0.5707110095815545,0.8715261414922143,10,1,9
16,3,2025-05-29 10:46:00.012828-04:00,2,0.9215261414922143,1.0215261414922143,1.3224783520416752,10,3,7
16,4,2025-05-29 10:46:00.012828-04:00,0,0.0,0.1,0.4009830121755963,10,2,8
16,4,2025-05-29 10:46:00.012828-04:00,1,0.4509830121755963,0.5509830121755963,0.8518558839382064,10,3,7
16,4,2025-05-29 10:46:00.012828-04:00,2,0.9018558839382065,1.0018558839382066,1.3028501426788286,10,3,7
16,5,2025-05-29 10:46:00.012828-04:00,0,0.0,0.1,0.40094804126707406,10,2,8
16,5,2025-05-29 10:46:00.012828-04:00,1,0.45094804126707405,0.5509480412670741,0.8518141195023962,10,3,7
16,5,2025-05-29 10:46:00.012828-04:00,2,0.9018141195023962,1.0018141195023962,1.30278966392156,10,2,8
16,6,2025-05-29 10:46:00.012828-04:00,0,0.0,0.1,0.4009558853754311,10,0,10
16,6,2025-05-29 10:46:00.012828-04:00,1,0.4509558853754311,0.550955885375431,0.8517816486726163,10,2,8
16,6,2025-05-29 10:46:00.012828-04:00,2,0.9017816486726163,1.0017816486726163,1.3027599937947003,10,1,9
16,7,2025-05-29 10:46:00.012828-04:00,0,0.0,0.1,0.40077746170726597,10,1,9
16,7,2025-05-29 10:46:00.012828-04:00,1,0.45077746170726596,0.5507774617072659,0.8516620388753426,10,3,7
16,7,2025-05-29 10:46:00.012828-04:00,2,0.9016620388753427,1.0016620388753428,1.5379517201539799,10,2,8
16,8,2025-05-29 10:46:00.012828-04:00,0,0.0,0.1,0.42391355677435655,10,1,9
16,8,2025-05-29 10:46:00.012828-04:00,1,0.47391355677435654,0.5739135567743565,0.8747398407551507,10,0,10
16,8,2025-05-29 10:46:00.012828-04:00,2,0.9247398407551507,1.0247398407551507,1.3255252782502678,10,3,7
16,9,2025-05-29 10:46:00.012828-04:00,0,0.0,0.1,0.4009246684881338,10,1,9
16,9,2025-05-29 10:46:00.012828-04:00,1,0.4509246684881338,0.5509246684881338,0.8517070328380121,10,2,8
16,9,2025-05-29 10:46:00.012828-04:00,2,0.9017070328380121,1.0017070328380122,1.3027013011701023,10,0,10
17,0,2025-05-29 10:47:00.018918-04:00,0,0.0,0.1,0.40091721969486455,10,0,10
17,0,2025-05-29 10:47:00.018918-04:00,1,0.45091721969486454,0.5509172196948645,0.9070576525554362,10,1,9
17,0,2025-05-29 10:47:00.018918-04:00,2,0.9570576525554363,1.0570576525554363,1.3580248972021705,10,2,8
17,1,2025-05-29 10:47:00.018918-04:00,0,0.0,0.1,0.4009678981665577,10,2,8
17,1,2025-05-29 10:47:00.018918-04:00,1,0.4509678981665577,0.5509678981665577,0.8518729738381078,10,0,10
17,1,2025-05-29 10:47:00.018918-04:00,2,0.9018729738381078,1.0018729738381078,1.3028227307584643,10,1,9
17,2,2025-05-29 10:47:00.018918-04:00,0,0.0,0.1,0.40093975991756475,10,0,10
17,2,2025-05-29 10:47:00.018918-04:00,1,0.45093975991756474,0.5509397599175647,0.8519297007877404,10,2,8
17,2,2025-05-29 10:47:00.018918-04:00,2,0.9019297007877405,1.0019297007877406,1.3029047918876437,10,2,8
17,3,2025-05-29 10:47:00.018918-04:00,0,0.0,0.1,0.40098098263678916,10,3,7
17,3,2025-05-29 10:47:00.018918-04:00,1,0.45098098263678915,0.5509809826367892,0.8519081590629847,10,2,8
17,3,2025-05-29 10:47:00.018918-04:00,2,0.9019081590629847,1.0019081590629848,1.3028138948420618,10,2,8
17,4,2025-05-29 10:47:00.018918-04:00,0,0.0,0.1,0.40092609188001666,10,1,9
17,4,2025-05-29 10:47:00.018918-04:00,1,0.45092609188001664,0.5509260918800166,0.8518023863963499,10,2,8
17,4,2025-05-29 10:47:00.018918-04:00,2,0.9018023863963499,1.0018023863963499,1.302741595230404,10,3,7
17,5,2025-05-29 10:47:00.018918-04:00,0,0.0,0.1,0.40092639049055234,10,2,8
17,5,2025-05-29 10:47:00.018918-04:00,1,0.45092639049055233,0.5509263904905524,0.9130856791777774,10,3,7
17,5,2025-05-29 10:47:00.018918-04:00,2,0.9630856791777774,1.0630856791777774,1.3638991178005408,10,1,9
17,6,2025-05-29 10:47:00.018918-04:00,0,0.0,0.1,0.4008939090370699,10,0,10
17,6,2025-05-29 10:47:00.018918-04:00,1,0.4508939090370699,0.5508939090370699,0.8516485052546919,10,1,9
17,6,2025-05-29 10:47:00.018918-04:00,2,0.901648505254692,1.001648505254692,1.3026256714651911,10,1,9
17,7,2025-05-29 10:47:00.018918-04:00,0,0.0,0.1,0.40098420934525664,10,1,9
17,7,2025-05-29 10:47:00.018918-04:00,1,0.4509842093452566,0.5509842093452566,0.8519704104627999,10,2,8
17,7,2025-05-29 10:47:00.018918-04:00,2,0.9019704104627999,1.0019704104628,1.3028434868507524,10,0,10
17,8,2025-05-29 10:47:00.018918-04:00,0,0.0,0.1,0.40082855213235763,10,0,10
17,8,2025-05-29 10:47:00.018918-04:00,1,0.4508285521323576,0.5508285521323576,0.8517609050925874,10,2,8
17,8,2025-05-29 10:47:00.018918-04:00,2,0.9017609050925874,1.0017609050925875,1.3024344703083068,10,1,9
17,9,2025-05-29 10:47:00.018918-04:00,0,0.0,0.1,0.40079529268551967,10,5,5
17,9,2025-05-29 10:47:00.018918-04:00,1,0.45079529268551966,0.5507952926855196,0.8517558598249304,10,1,9
17,9,2025-05-29 10:47:00.018918-04:00,2,0.9017558598249305,1.0017558598249305,1.4465889670733072,10,2,8
18,0,2025-05-29 10:48:00.008930-04:00,0,0.0,0.1,0.6622992746805509,10,3,7
18,0,2025-05-29 10:48:00.008930-04:00,1,0.712299274680551,0.812299274680551,1.1131402743674035,10,2,8
18,0,2025-05-29 10:48:00.008930-04:00,2,1.1631402743674035,1.2631402743674036,1.563981298091886,10,2,8
18,1,2025-05-29 10:48:00.008930-04:00,0,0.0,0.1,0.43620908871608055,10,1,9
18,1,2025-05-29 10:48:00.008930-04:00,1,0.48620908871608054,0.5862090887160806,0.8870568375347941,10,1,9
18,1,2025-05-29 10:48:00.008930-04:00,2,0.9370568375347942,1.0370568375347942,1.3379756119018165,10,1,9
18,2,2025-05-29 10:48:00.008930-04:00,0,0.0,0.1,0.40098941590591397,10,1,9
18,2,2025-05-29 10:48:00.008930-04:00,1,0.45098941590591396,0.550989415905914,0.8518674571705797,10,0,10
18,2,2025-05-29 10:48:00.008930-04:00,2,0.9018674571705797,1.0018674571705797,1.3027601965511033,10,1,9
18,3,2025-05-29 10:48:00.008930-04:00,0,0.0,0.1,0.4009996121164982,10,1,9
18,3,2025-05-29 10:48:00.008930-04:00,1,0.4509996121164982,0.5509996121164982,0.8519168351478948,10,0,10
18,3,2025-05-29 10:48:00.008930-04:00,2,0.9019168351478949,1.0019168351478949,1.302713997624797,10,0,10
18,4,2025-05-29 10:48:00.008930-04:00,0,0.0,0.1,0.4007970364994993,10,2,8
18,4,2025-05-29 10:48:00.008930-04:00,1,0.4507970364994993,0.5507970364994993,0.8517002233632075,10,0,10
18,4,2025-05-29 10:48:00.008930-04:00,2,0.9017002233632075,1.0017002233632075,1.3026778686858151,10,1,9
18,5,2025-05-29 10:48:00.008930-04:00,0,0.0,0.1,0.40085302374432763,10,1,9
18,5,2025-05-29 10:48:00.008930-04:00,1,0.4508530237443276,0.5508530237443277,0.851784261451234,10,2,8
18,5,2025-05-29 10:48:00.008930-04:00,2,0.901784261451234,1.001784261451234,1.302697240814915,10,1,9
18,6,2025-05-29 10:48:00.008930-04:00,0,0.0,0.1,0.40094821523890584,10,1,9
18,6,2025-05-29 10:48:00.008930-04:00,1,0.4509482152389058,0.5509482152389058,0.8519310349351832,10,1,9
18,6,2025-05-29 10:48:00.008930-04:00,2,0.9019310349351832,1.0019310349351833,1.302765939702577,10,0,10
18,7,2025-05-29 10:48:00.008930-04:00,0,0.0,0.1,0.4007996723449411,10,2,8
18,7,2025-05-29 10:48:00.008930-04:00,1,0.4507996723449411,0.5507996723449411,1.0097109380242657,10,2,8
18,7,2025-05-29 10:48:00.008930-04:00,2,1.0597109380242657,1.1597109380242658,1.4605185680992983,10,0,10
18,8,2025-05-29 10:48:00.008930-04:00,0,0.0,0.1,0.40088873907922445,10,1,9
18,8,2025-05-29 10:48:00.008930-04:00,1,0.45088873907922444,0.5508887390792244,0.851870694442135,10,2,8
18,8,2025-05-29 10:48:00.008930-04:00,2,0.9018706944421351,1.0018706944421352,1.3026623598633265,10,1,9
18,9,2025-05-29 10:48:00.008930-04:00,0,0.0,0.1,0.4009512240206017,10,1,9
18,9,2025-05-29 10:48:00.008930-04:00,1,0.45095122402060167,0.5509512240206017,0.851888111584346,10,2,8
18,9,2025-05-29 10:48:00.008930-04:00,2,0.901888111584346,1.001888111584346,1.5689670788305763,10,1,9
19,0,2025-05-29 10:49:00.007557-04:00,0,0.0,0.1,0.400989110132385,10,1,9
19,0,2025-05-29 10:49:00.007557-04:00,1,0.45098911013238496,0.5509891101323849,0.8519502399754874,10,1,9
19,0,2025-05-29 10:49:00.007557-04:00,2,0.9019502399754874,1.0019502399754874,1.302930752871343,10,0,10
19,1,2025-05-29 10:49:00.007557-04:00,0,0.0,0.1,0.40098937649727606,10,3,7
19,1,2025-05-29 10:49:00.007557-04:00,1,0.45098937649727605,0.5509893764972761,0.8519185835726204,10,0,10
19,1,2025-05-29 10:49:00.007557-04:00,2,0.9019185835726204,1.0019185835726205,1.3026120985400418,10,1,9
19,2,2025-05-29 10:49:00.007557-04:00,0,0.0,0.1,0.9669612120202838,10,1,9
19,2,2025-05-29 10:49:00.007557-04:00,1,1.0169612120202838,1.1169612120202839,1.4178999208853549,10,0,10
19,2,2025-05-29 10:49:00.007557-04:00,2,1.467899920885355,1.567899920885355,1.8687489068023047,10,1,9
19,3,2025-05-29 10:49:00.007557-04:00,0,0.0,0.1,0.40089963302888765,10,1,9
19,3,2025-05-29 10:49:00.007557-04:00,1,0.45089963302888764,0.5508996330288877,0.8518632653976036,10,1,9
19,3,2025-05-29 10:49:00.007557-04:00,2,0.9018632653976036,1.0018632653976036,1.3024909394985382,10,4,6
19,4,2025-05-29 10:49:00.007557-04:00,0,0.0,0.1,0.40091857876321035,10,1,9
19,4,2025-05-29 10:49:00.007557-04:00,1,0.45091857876321034,0.5509185787632104,1.0875561738146229,10,2,8
19,4,2025-05-29 10:49:00.007557-04:00,2,1.137556173814623,1.237556173814623,1.5385195820320994,10,2,8
19,5,2025-05-29 10:49:00.007557-04:00,0,0.0,0.1,0.4009331030978669,10,1,9
19,5,2025-05-29 10:49:00.007557-04:00,1,0.4509331030978669,0.5509331030978669,0.8518921374037896,10,0,10
19,5,2025-05-29 10:49:00.007557-04:00,2,0.9018921374037896,1.0018921374037897,1.3028028165979948,10,3,7
19,6,2025-05-29 10:49:00.007557-04:00,0,0.0,0.1,0.5645195614815823,10,2,8
19,6,2025-05-29 10:49:00.007557-04:00,1,0.6145195614815824,0.7145195614815824,1.015442448628399,10,1,9
19,6,2025-05-29 10:49:00.007557-04:00,2,1.065442448628399,1.1654424486283992,1.8765019661429319,10,1,9
19,7,2025-05-29 10:49:00.007557-04:00,0,0.0,0.1,0.400921230130249,10,2,8
19,7,2025-05-29 10:49:00.007557-04:00,1,0.450921230130249,0.550921230130249,0.8515583810354393,10,3,7
19,7,2025-05-29 10:49:00.007557-04:00,2,0.9015583810354394,1.0015583810354394,1.302513877880451,10,0,10
19,8,2025-05-29 10:49:00.007557-04:00,0,0.0,0.1,0.4009150904567433,10,2,8
19,8,2025-05-29 10:49:00.007557-04:00,1,0.4509150904567433,0.5509150904567433,0.851860679491135,10,0,10
19,8,2025-05-29 10:49:00.007557-04:00,2,0.901860679491135,1.001860679491135,1.3028153284313888,10,5,5
19,9,2025-05-29 10:49:00.007557-04:00,0,0.0,0.1,0.40084954494095215,10,3,7
19,9,2025-05-29 10:49:00.007557-04:00,1,0.45084954494095214,0.5508495449409522,0.8516334814407216,10,1,9
19,9,2025-05-29 10:49:00.007557-04:00,2,0.9016334814407216,1.0016334814407217,1.3025226034958188,10,0,10
